Workbook

Sheet ICC PT
B2: CÁLCULO DAS INTENSIDADES DE CORRENTE ELÉCTRICA DE CURTO-CIRCUITO TRIFÁSICO E SIMÉTRICO NA ORIGEM DA INSTALAÇÃO ELÉCTRICA
B3: Grandeza a considerar | Q3: Valor
B4: Tensão nominal primária | P4: (Un1) | Q4: 30 | R4: kV
B5: Tensão nominal secundária | P5: (Un2) | Q5: 0.4 | R5: kV
B6: Número de transformadores a instalar no posto de transformação | P6: (ni) | Q6: 1
B7: Potência nominal dos transformadores | P7: (Snt) | Q7: 200 | R7: kVA
B8: Potência instalada | Q8: =Q7*Q6 -> 200 | R8: kVA
B9: Factor de tensão | P9: (c) | Q9: =IF(Q4<=1,1,1.1) -> 1.1
B10: Intensidade de corrente primária | Q10: =(Q8/(SQRT(3)*Q4)) -> 3.8490018 | R10: A
B11: Intensidade de corrente primária | Q11: =('ICC PT'!Q8/(SQRT(3)*'ICC PT'!Q5)) -> 288.67513 | R11: A
B12: Potência de curto-circuito na origem da instalação | P12: (Scc1) | Q12: 300 | R12: MVA
B13: Tensão de curto-circuito dos transformadores | P13: (εcc) | Q13: =IF(Q4>=24,5,IF(Q7<=630,4,4.5)) -> 5 | R13: %
B14: Corrente de curto-circuito trifásico e simétrico na origem da instalação | Q14: =(((Q12*10^6)/(SQRT(3)*(Q4*10^3)))/(10^3)) -> 5.7735027 | R14: kA
B15: Impedância de curto-circuito da rede eléctrica a montante da origem da instalação | Q15: =(Q9*((Q5*10^3)^2))/(Q12*10^6) -> 0.00058666667 | R15: Ω | AO15: =IF(OR(AL15="3G",AL15="5G"),"",VLOOKUP(AM15,Consulta!$Z$5:$AA$25,2,FALSE)) -> #N/A
B16: Impedância de curto-circuito dos transformadores de potência | Q16: =(Q13/100)*(((Q5*10^3)^2)/(Q7*10^3)) -> 0.04 | R16: Ω
B17: Impedância de curto-circuito ao secundário dos transformadores de potência | Q17: =(Q16/Q6)+Q15 -> 0.040586667 | R17: Ω
B18: Corrente de curto-circuito trifásico e simétrico ao secundário dos transformadores de potência | Q18: =(((Q5*10^3)/(SQRT(3)*Q17))/10^3) -> 5.6900486 | R18: kA | AO18: =IF(OR(AL18="3G",AL18="5G"),"",VLOOKUP(AM18,Consulta!$Z$5:$AA$25,2,FALSE)) -> #N/A
AO19: =IF(OR(AL19="3G",AL19="5G"),"",VLOOKUP(AM19,Consulta!$Z$5:$AA$25,2,FALSE)) -> #N/A
AO20: =IF(OR(AL20="3G",AL20="5G"),"",VLOOKUP(AM20,Consulta!$Z$5:$AA$25,2,FALSE)) -> #N/A
AO21: =IF(OR(AL21="3G",AL21="5G"),"",VLOOKUP(AM21,Consulta!$Z$5:$AA$25,2,FALSE)) -> #N/A
AO22: =IF(OR(AL22="3G",AL22="5G"),"",VLOOKUP(AM22,Consulta!$Z$5:$AA$25,2,FALSE)) -> #N/A
AO23: =IF(OR(AL23="3G",AL23="5G"),"",VLOOKUP(AM23,Consulta!$Z$5:$AA$25,2,FALSE)) -> #N/A
AO24: =IF(OR(AL24="3G",AL24="5G"),"",VLOOKUP(AM24,Consulta!$Z$5:$AA$25,2,FALSE)) -> #N/A
AO25: =IF(OR(AL25="3G",AL25="5G"),"",VLOOKUP(AM25,Consulta!$Z$5:$AA$25,2,FALSE)) -> #N/A
AO26: =IF(OR(AL26="3G",AL26="5G"),"",VLOOKUP(AM26,Consulta!$Z$5:$AA$25,2,FALSE)) -> #N/A
AO27: =IF(OR(AL27="3G",AL27="5G"),"",VLOOKUP(AM27,Consulta!$Z$5:$AA$25,2,FALSE)) -> #N/A
AO28: =IF(OR(AL28="3G",AL28="5G"),"",VLOOKUP(AM28,Consulta!$Z$5:$AA$25,2,FALSE)) -> #N/A
AO29: =IF(OR(AL29="3G",AL29="5G"),"",VLOOKUP(AM29,Consulta!$Z$5:$AA$25,2,FALSE)) -> #N/A
AO30: =IF(OR(AL30="3G",AL30="5G"),"",VLOOKUP(AM30,Consulta!$Z$5:$AA$25,2,FALSE)) -> #N/A
... AO43: =IF(OR(AL43="3G",AL43="5G"),"",VLOOKUP(AM43,Consulta!$Z$5:$AA$25,2,FALSE)) -> #N/A

Sheet ICC GS
B2: CÁLCULO DAS INTENSIDADES DE CORRENTE ELÉCTRICA DE CURTO-CIRCUITO TRIFÁSICO E SIMÉTRICO NA ORIGEM DA INSTALAÇÃO ELÉCTRICA ABASTECIDA POR GERADOR DE SOCORRO
B3: Grandeza a considerar | J3: Valor
B4: Tensão nominal | I4: (Un) | J4: 0.4 | K4: kV
B5: Número de geradores de socorro a instalar | I5: (nG) | J5: 1
B6: Potência nominal dos geradores de socorro | I6: (SnG) | J6: 170 | K6: kVA
B7: Potência instalada | J7: =J6*J5 -> 170 | K7: kVA
B8: Factor de tensão | I8: (c)
B9: Reactância sub-transitória dos geradores | I9: (Xd") | K9: %
B10: Impedância de curto-circuito dos geradores de socorro | J10: =(J9/100)*(((J4*10^3)^2)/(J6*10^3)) -> 0 | K10: Ω
B11: Corrente de curto-circuito trifásico e simétrico aos terminais do gerador de socorro | J11: =(((J4*10^3)/(SQRT(3)*J10))/10^3) -> #DIV/0! | K11: kA

Sheet Fusíveis MT
B2: DIMENSIONAMENTO DOS FUSÍVEIS DE MT
B3: Grandeza a considerar | Q3: Valor
B4: Intensidade de corrente primária | Q4: =('ICC PT'!Q7/(SQRT(3)*'ICC PT'!Q4)) -> 3.8490018 | R4: A
B5: Intensidade de corrente primária | Q5: =('ICC PT'!Q7/(SQRT(3)*'ICC PT'!Q5)) -> 288.67513 | R5: A
B6: Factor m | Q6: ='ICC PT'!Q4/'ICC PT'!Q5 -> 75
B7: Intensidade de corrente nominal (ou regulada) da protecção mais alta do lado de Baixa Tensão | P7: (IBT) | Q7: 577 | R7: A
B8: Coeficiente de coordenação MT/BT (1,4 para IBT < 315 e 1,6 para IBT ≥ 315A) | P8: (kc) | Q8: =IF(Q7<315,1.4,1.6) -> 1.6
B9: Condição 1: Para IA, o tempo de fusão deverá ser ≥ 40ms | Q9: =8*Q4 -> 30.792014 | R9: A
Q10: 16 | R10: A
B24: Condição 2: O calibre dos fusíveis deverá ser menor que 3,33 vezes a corrente primária | Q24: =3.33*Q4 -> 12.817176 | R24: A
B25: Condição 3: O calibre dos fusíveis deverá ser maior que 1,3 vezes a corrente primária | Q25: =1.3*Q4 -> 5.0037023 | R25: A
B26: Condição 4: O calibre dos fusíveis deverá ser maior que: | Q26: =(Q8*Q7)/Q6 -> 12.309333 | R26: A
B27: Calibre dos fusíveis a adoptar: | Q27: =VLOOKUP(1,$F$38:$G$51,2,FALSE) -> #N/A | R27: A
B33: Condição 1 | C33: Condição 2 | D33: Condição 3 | E33: Condição 4 | F33: Verif Final | G33: Calibres normalizados [A]
B38: =IF(G38>$Q$10,1,0) -> 0 | C38: =IF(G38<$Q$24,1,0) -> 1 | D38: =IF(G38>$Q$25,1,0) -> 1 | E38: =IF(G38>$Q$26,1,0) -> 0 | F38: =IF(AND(B38=1,C38=1,D38=1,E38=1),1,0) -> 0 | G38: 6.3
B39: =IF(G39>$Q$10,1,0) -> 0 | C39: =IF(G39<$Q$24,1,0) -> 1 | D39: =IF(G39>$Q$25,1,0) -> 1 | E39: =IF(G39>$Q$26,1,0) -> 0 | F39: =IF(AND(B39=1,C39=1,D39=1,E39=1),1,0) -> 0 | G39: 10
B40: =IF(G40>$Q$10,1,0) -> 0 | C40: =IF(G40<$Q$24,1,0) -> 0 | D40: =IF(G40>$Q$25,1,0) -> 1 | E40: =IF(G40>$Q$26,1,0) -> 1 | F40: =IF(AND(B40=1,C40=1,D40=1,E40=1),1,0) -> 0 | G40: 16
B41: =IF(G41>$Q$10,1,0) -> 1 | C41: =IF(G41<$Q$24,1,0) -> 0 | D41: =IF(G41>$Q$25,1,0) -> 1 | E41: =IF(G41>$Q$26,1,0) -> 1 | F41: =IF(AND(B41=1,C41=1,D41=1,E41=1),1,0) -> 0 | G41: 20
B42: =IF(G42>$Q$10,1,0) -> 1 | C42: =IF(G42<$Q$24,1,0) -> 0 | D42: =IF(G42>$Q$25,1,0) -> 1 | E42: =IF(G42>$Q$26,1,0) -> 1 | F42: =IF(AND(B42=1,C42=1,D42=1,E42=1),1,0) -> 0 | G42: 25
B43: =IF(G43>$Q$10,1,0) -> 1 | C43: =IF(G43<$Q$24,1,0) -> 0 | D43: =IF(G43>$Q$25,1,0) -> 1 | E43: =IF(G43>$Q$26,1,0) -> 1 | F43: =IF(AND(B43=1,C43=1,D43=1,E43=1),1,0) -> 0 | G43: 31.5
B44: =IF(G44>$Q$10,1,0) -> 1 | C44: =IF(G44<$Q$24,1,0) -> 0 | D44: =IF(G44>$Q$25,1,0) -> 1 | E44: =IF(G44>$Q$26,1,0) -> 1 | F44: =IF(AND(B44=1,C44=1,D44=1,E44=1),1,0) -> 0 | G44: 40
B45: =IF(G45>$Q$10,1,0) -> 1 | C45: =IF(G45<$Q$24,1,0) -> 0 | D45: =IF(G45>$Q$25,1,0) -> 1 | E45: =IF(G45>$Q$26,1,0) -> 1 | F45: =IF(AND(B45=1,C45=1,D45=1,E45=1),1,0) -> 0 | G45: 50
B46: =IF(G46>$Q$10,1,0) -> 1 | C46: =IF(G46<$Q$24,1,0) -> 0 | D46: =IF(G46>$Q$25,1,0) -> 1 | E46: =IF(G46>$Q$26,1,0) -> 1 | F46: =IF(AND(B46=1,C46=1,D46=1,E46=1),1,0) -> 0 | G46: 63
B47: =IF(G47>$Q$10,1,0) -> 1 | C47: =IF(G47<$Q$24,1,0) -> 0 | D47: =IF(G47>$Q$25,1,0) -> 1 | E47: =IF(G47>$Q$26,1,0) -> 1 | F47: =IF(AND(B47=1,C47=1,D47=1,E47=1),1,0) -> 0 | G47: 80
B48: =IF(G48>$Q$10,1,0) -> 1 | C48: =IF(G48<$Q$24,1,0) -> 0 | D48: =IF(G48>$Q$25,1,0) -> 1 | E48: =IF(G48>$Q$26,1,0) -> 1 | F48: =IF(AND(B48=1,C48=1,D48=1,E48=1),1,0) -> 0 | G48: 100
B49: =IF(G49>$Q$10,1,0) -> 1 | C49: =IF(G49<$Q$24,1,0) -> 0 | D49: =IF(G49>$Q$25,1,0) -> 1 | E49: =IF(G49>$Q$26,1,0) -> 1 | F49: =IF(AND(B49=1,C49=1,D49=1,E49=1),1,0) -> 0 | G49: 125
... B51: =IF(G51>$Q$10,1,0) -> 1 | C51: =IF(G51<$Q$24,1,0) -> 0 | D51: =IF(G51>$Q$25,1,0) -> 1 | E51: =IF(G51>$Q$26,1,0) -> 1 | F51: =IF(AND(B51=1,C51=1,D51=1,E51=1),1,0) -> 0 | G51: 200

Sheet Bacia Rentenção
B2: DIMENSIONAMENTO DA BACIA DE RENTENÇÃO EM CASO DE ESCORRÊNCIA DO ÓLEO DO TRANSFORMADOR DE POTÊNCIA
B3: Grandeza a considerar | J3: Valor
B4: Massa total de óleo do(s) transformador(es) | I4: (m) | J4: 270 | K4: kg
B5: Massa volúmica do óleo mineral utilizado nos transformadores | I5: (ρ) | J5: 900 | K5: kg/m3 | M5: https://oilregeneration.globecore.com/transformer-oil-density-and-viscosity.html
B6: Volume necessário para albergar o óleo do(s) transformador(es) | J6: =J4/J5 -> 0.3 | K6: m3
B7: Formato do reservatório | J7: Prisma Quadrangular
B8: =IF(J7="Prisma Quadrangular","Comprimento e Largura pretendidos","Diâmetro pretendido") -> Comprimento e Largura pretendidos | J8: 1 | K8: m
B9: Altura mínima necessária | J9: =IF(J7="Prisma Quadrangular",J6/J8/J8,J6/((PI()*J8^2)/4)) -> 0.3 | K9: m

Sheet Ventilação PT
B2: DIMENSIONAMENTO GRELHAS DE VENTILAÇÃO NATURAL PARA POSTOS DE TRANSFORMAÇÃO
B3: Grandeza a considerar | E3: Valor
B4: Nível de tensão primário | E4: ='ICC PT'!Q4 -> 30 | F4: kV
B5: Potência do(s) transformador(es) | E5: ='ICC PT'!Q8 -> 200 | F5: kVA
B6: Tipo de Transformador | E6: Banho de Óleo
B7: Perdas em vazio | D7: (p0) | E7: =IF(AND($E$4<=24,$E$6="Banho de Óleo"),VLOOKUP($E$5,Consulta!$BS$6:$BW$20,2,FALSE),IF(AND($E$4>24,$E$6="Banho de Óleo"),VLOOKUP($E$5,Consulta!$BS$6:$BW$20,4,FALSE),IF(AND($E$4<=24,$E$6="Seco"),VLOOKUP($E$5,Consulta!$BY$6:$CC$20,2,FALSE),IF(AND($E$4>24,$E$6="Seco"),VLOOKUP($E$5,Consulta!$BY$6:$CC$20,4,FALSE))))) -> 0.7 | F7: kW
B8: Perdas em carga | D8: (pcw) | E8: =IF(AND($E$4<=24,$E$6="Banho de Óleo"),VLOOKUP($E$5,Consulta!$BS$6:$BW$20,3,FALSE),IF(AND($E$4>24,$E$6="Banho de Óleo"),VLOOKUP($E$5,Consulta!$BS$6:$BW$20,5,FALSE),IF(AND($E$4<=24,$E$6="Seco"),VLOOKUP($E$5,Consulta!$BY$6:$CC$20,3,FALSE),IF(AND($E$4>24,$E$6="Seco"),VLOOKUP($E$5,Consulta!$BY$6:$CC$20,5,FALSE))))) -> 3.6 | F8: kW
B9: Época mais quente do ano | E9: Verão
B10: Caraterísticas das zona abastecida | E10: Industrial
B11: Tipo de Posto de Transformação | E11: Cabine Baixa
B12: Altura do Posto de Transformação | D12: (H) | E12: =VLOOKUP($E$11,Consulta!$CE$15:$CI$16,2,FALSE) -> 3 | F12: m | H12: Pode modificar manualmente!
B13: Coeficiente de sobrecarga | D13: (c) | E13: =IF($E$9="Inverno",VLOOKUP($E$10,Consulta!$CE$6:$CI$10,2,FALSE),IF($E$9="Verão",VLOOKUP($E$10,Consulta!$CE$6:$CI$10,4,FALSE))) -> 0.8
B14: Diferença de temperatura entre o ar interior (considerado a 40ºC) e o ar exterior | D14: (∆θ) | E14: =IF($E$9="Inverno",VLOOKUP($E$10,Consulta!$CE$6:$CI$10,3,FALSE),IF($E$9="Verão",VLOOKUP($E$10,Consulta!$CE$6:$CI$10,5,FALSE))) -> 12 | F14: ºC
B15: Secção mínima de abertura das grelhas de ventilação: | E15: =((10*(E7+((E13^2)*E8)))/SQRT((E12-1.2)*(E14^3))) -> 0.53863157 | F15: m2
B16: Aberturas de entrada | C16: Altura pretendida | D16: (HE) | E16: 0.65 | F16: m
C17: Largura necessária | D17: (LE) | E17: =E15/E16 -> 0.82866396 | F17: m | H17: Se pretender, pode trocar a largura com a altura
B18: Aberturas de saída | C18: Altura pretendida | D18: (HS) | E18: 0.75 | F18: m
C19: Largura necessária | D19: (LS) | E19: =E15/E18 -> 0.71817543 | F19: m

Sheet Terras
B2: DIMENSIONAMENTO DE ELÉTRODOS DE TERRA
B3: Caso o instalador opte pela instalação de varetas:
B4: Grandeza a considerar | E4: Valor
B5: Tipo de elétrodo | E5: Vareta ou tubo
B6: Número de elétrodos | D6: (n) | E6: 7
B7: Resistividade do solo | D7: (ρs) | E7: 100 | F7: Ω.m
B8: Comprimento do elétrodo | D8: (L) | E8: 1.75 | F8: m
B9: Diâmetro do elétrodo | D9: (d) | E9: 0.05 | F9: m
B10: Distância entre elétrodos | D10: (D) | E10: 5 | F10: m
B11: Profundidade de enterramento da parte superior do elétrodo (deverá ser igual ou superior a 0,8m) | D11: (pe) | E11: 2 | F11: m
B12: Resistência elétrica de contato à terra (editar fórmula): | E12: =(1/E6)*(((E7/(2*PI()*E8))*LN(((4*E8)/(E9/2))-1))+((E7/(PI()*E10))*(1/2+1/3+1/4+1/5+1/6+1/7))) -> 8.7648404 | F12: Ω
B15: Caso o instalador opte pela instalação de chapas retangulares enterradas verticalmente
B16: Grandeza a considerar | E16: Valor
B17: Tipo de elétrodo | E17: Chapa retangular enterrada verticalmente
B18: Número de elétrodos | D18: (n) | E18: 4
B19: Distância entre elétrodos | D19: (D) | E19: 5 | F19: m
B20: Resistividade do solo | D20: (ρs) | E20: 100 | F20: Ω.m
B21: Comprimento do elétrodo | D21: (a) | E21: 1 | F21: m
B22: Largura do elétrodo | D22: (b) | E22: 1 | F22: m
B23: Profundidade de enterramento da parte superior do elétrodo (deverá ser igual ou superior a 0,8m) | D23: (pe) | E23: 2 | F23: m
B24: Resistência elétrica de contato à terra: Para 1 elétrodo (R1), para vários elétrodos (R(n)) | E24: =IF(E18=1,((0.4*E20)/(E21+E22))*(1+((E21+E22)/(E21+E22+(8*(E23+(E22/2)))))),(((0.16*E20)/E18)*((((0.4*E20)/(E21+E22))*(1+((E21+E22)/(E21+E22+(8*(E23+(E22/2))))))/(0.16*E20))+((E18-1)/E19)))) -> 7.8545455 | F24: Ω
B25: Superfície de contato à terra (deverá ser superior a 1m2) | E25: =E18*(2*E21*E22) -> 8 | F25: m2

Sheet Canalizações e Proteções
B1: DIMENSIONAMENTO DAS CANALIZAÇÕES E ÓRGÃOS DE PROTECÇÃO PRINCIPAIS | BA1: Valores das Intensidades de Corrente Máxima Admissível segundo as RTIEBT, mediante o material constituinte do isolamento dos condutores e os seguintes métodos de referência: | BY1: Diâmetro dos tubos a instalar mediante o tipo de canalização e o fim a que se destina:
B2: Quadro | C2: Circuito | D2: Potência nominal do circuito [kW] | E2: L [m] | F2: Tipo de circuito | G2: Tipo de Cabo (se aplicável) | H2: f.p. (cosφ) | I2: Tipo de condutores e fim ao que se destinam | J2: Material condutor | K2: Material do isolamento do condutor | L2: N.º de cabos em paralelo | M2: Secção [mm2] | N2: Método de referência | O2: Modo de Instalação | P2: Iz [A] | Q2: N.º de cabos agrup. | R2: Factor de correcção ao Iz | S2: Ib [A] | T2: Iz' (Corrigido) [A] | U2: Dispositivo de protecção | V2: In [A] | W2: I2 [A] | X2: 1,45×Iz [A] | Y2: Condições a verificar | AA2: Impedância a montante [W] | AB2: Resistência condutores (R) [W] | AC2: Reactância condutores (X) [W] | AD2: Queda de tensão a montante [V] | AE2: Queda de tensão relativa (e) [V] | AF2: Queda de tensão acumulada (e') [V] | AG2: Queda de tensão relativa (DU) [%] | AH2: Queda de tensão acumulada (DU') [%] | AI2: Icc máximo (no final desta canalização) [kA] | AJ2: Poder de corte a instalar [kA] | AK2: Tempo de corte máximo do órgão de protecção [s] | AL2: Coeficiente K | AM2: Secção mínima (smin) para suportar a fadiga térmica [mm2] | AN2: Condutor | BA2: PVC | BJ2: XLPE/EPR | BS2: Mineral | BW2: N.º linha | BY2: Canalizações | CC2: Colunas/Entradas
Y3: Ib/Iz [%] | Z3: Ib ≤ In ≤ Iz e I2 ≤ 1,45 Iz | BA3: A | BB3: A2 | BC3: B | BD3: B2 | BE3: C | BF3: D | BG3: E | BH3: F | BI3: G | BJ3: A | BK3: A2 | BL3: B | BM3: B2 | BN3: C | BO3: D | BP3: E | BQ3: F | BR3: G | BS3: C | BT3: E | BU3: F | BV3: G | BY3: Fio / Monofásico | BZ3: Fio / Trifásico | CA3: Cabo / Monofásico | CB3: Cabo / Trifásico | CC3: Fio / Monofásico | CD3: Fio / Trifásico | CE3: Cabo / Monofásico | CF3: Cabo / Trifásico
B4: Transformador | C4: Q.G.B.T. / Q.E. | D4: =SUM(D5:D11)*0.4*1.2 -> 117.63984 | E4: 1 | F4: Trifásico | G4: Monocondutor | H4: 1 | I4: Cabo/Canalizações | J4: Cobre | K4: PVC | L4: 2 | M4: 25 | N4: F | O4: 5A | P4: =IF(K4="PVC",HLOOKUP(N4,$BA$3:$BI$17,BW4,FALSE),IF(OR(K4="XLPE",K4="EPR"),HLOOKUP(N4,$BJ$3:$BR$17,BW4,FALSE),IF(K4="Mineral",HLOOKUP(N4,$BS$3:$BV$17,BW4,FALSE),"N/A")))*L4 -> 220 | Q4: 1 | R4: 1 | S4: =IF(F4="Monofásico",(((D4*10^3)/H4)/230),(((D4*10^3)/H4)/(SQRT(3)*400))) -> 169.79848 | T4: =P4*R4 -> 220 | U4: - | V4: - | W4: - | X4: - | Y4: =S4/T4 -> 0.77181129 | Z4: - | AA4: ='ICC PT'!Q17 -> 0.040586667 | AB4: =(IF(J4="Cobre",(1.25*0.0225),(1.25*0.036)))*((E4/M4)/L4) -> 0.0005625 | AC4: =(IF(M4<10,0,(0.00008)))*(E4) -> 8e-05 | AD4: 0 | AE4: =IF(F4="Trifásico",S4*((AB4*H4)+(AC4*SIN(ACOS(H4)))),2*S4*(AB4*H4+AC4*SIN(ACOS(H4)))) -> 0.095511647 | AF4: =AD4+AE4 -> 0.095511647 | AG4: =AE4/230 -> 0.00041526803 | AH4: =AF4/230 -> 0.00041526803 | AI4: =IF(F4="Monofásico",(0.23/(SQRT((AB4^2)+(AC4^2))+AA4)),(0.4/(SQRT(3)*(SQRT((AB4^2)+(AC4^2))+AA4)))) -> 5.611495 | AJ4: 6 | AK4: 0.1 | AL4: =IF(G4="Multicondutor",(IF(AND(J4="Cobre",K4="PVC"),115,IF(AND(J4="Cobre",K4="XLPE"),143,IF(AND(J4="Alumínio",K4="PVC"),76,IF(AND(J4="Alumínio",K4="XLPE"),94))))),(IF(AND(J4="Cobre",K4="PVC"),143,IF(AND(J4="Cobre",K4="XLPE"),176,IF(AND(J4="Alumínio",K4="PVC"),95,IF(AND(J4="Alumínio",K4="XLPE"),116)))))) -> 143 | AM4: =((AI4*1000)*SQRT(AK4))/AL4 -> 12.409165 | AN4: =L4 -> 2 | AO4: × | AP4: [XV | AQ4: =IF(F4="Monofásico","3G",IF(AND(F4="Trifásico",M4<25),"5G","3×")) -> 3× | AR4: =M4 -> 25 | BA4: =IF(AND(J4="Cobre",F4="Monofásico"),VLOOKUP(M4,'Iz''s'!$B$8:$E$23,2,FALSE),IF(AND(J4="Cobre",F4="Trifásico"),VLOOKUP(M4,'Iz''s'!$L$8:$O$23,2,FALSE),IF(AND(J4="Alumínio",F4="Monofásico"),VLOOKUP(M4,'Iz''s'!$B$25:$E$39,2,FALSE),IF(AND(J4="Alumínio",F4="Trifásico"),VLOOKUP(M4,'Iz''s'!$L$25:$O$39,2,FALSE))))) -> 73 | BB4: =IF(AND(J4="Cobre",F4="Monofásico"),VLOOKUP(M4,'Iz''s'!$CD$9:$CH$24,2,FALSE),IF(AND(J4="Cobre",F4="Trifásico"),VLOOKUP(M4,'Iz''s'!$CD$9:$CH$24,4,FALSE),IF(AND(J4="Alumínio",F4="Monofásico"),VLOOKUP(M4,'Iz''s'!$CD$26:$CH$40,2,FALSE),IF(AND(J4="Alumínio",F4="Trifásico"),VLOOKUP(M4,'Iz''s'!$CD$26:$CH$40,4,FALSE))))) -> 68 | BC4: =IF(AND(J4="Cobre",F4="Monofásico"),VLOOKUP(M4,'Iz''s'!$B$8:$E$23,3,FALSE),IF(AND(J4="Cobre",F4="Trifásico"),VLOOKUP(M4,'Iz''s'!$L$8:$O$23,3,FALSE),IF(AND(J4="Alumínio",F4="Monofásico"),VLOOKUP(M4,'Iz''s'!$B$25:$E$39,3,FALSE),IF(AND(J4="Alumínio",F4="Trifásico"),VLOOKUP(M4,'Iz''s'!$L$25:$O$39,3,FALSE))))) -> 89 | BD4: =IF(AND(J4="Cobre",F4="Monofásico"),VLOOKUP(M4,'Iz''s'!$CD$9:$CH$24,3,FALSE),IF(AND(J4="Cobre",F4="Trifásico"),VLOOKUP(M4,'Iz''s'!$CD$9:$CH$24,5,FALSE),IF(AND(J4="Alumínio",F4="Monofásico"),VLOOKUP(M4,'Iz''s'!$CD$26:$CH$40,3,FALSE),IF(AND(J4="Alumínio",F4="Trifásico"),VLOOKUP(M4,'Iz''s'!$CD$26:$CH$40,5,FALSE))))) -> 80 | BE4: =IF(AND(J4="Cobre",F4="Monofásico"),VLOOKUP(M4,'Iz''s'!$B$8:$E$23,4,FALSE),IF(AND(J4="Cobre",F4="Trifásico"),VLOOKUP(M4,'Iz''s'!$L$8:$O$23,4,FALSE),IF(AND(J4="Alumínio",F4="Monofásico"),VLOOKUP(M4,'Iz''s'!$B$25:$E$39,4,FALSE),IF(AND(J4="Alumínio",F4="Trifásico"),VLOOKUP(M4,'Iz''s'!$L$25:$O$39,4,FALSE))))) -> 96 | BF4: =IF(AND(J4="Cobre",F4="Monofásico"),VLOOKUP(M4,'Iz''s'!$CP$9:$CT$24,3,FALSE),IF(AND(J4="Cobre",F4="Trifásico"),VLOOKUP(M4,'Iz''s'!$CP$9:$CT$24,2,FALSE),IF(AND(J4="Alumínio",F4="Monofásico"),VLOOKUP(M4,'Iz''s'!$CP$26:$CT$37,3,FALSE),IF(AND(J4="Alumínio",F4="Trifásico"),VLOOKUP(M4,'Iz''s'!$CP$26:$CT$37,2,FALSE))))) -> 123 | BG4: =IF(AND(J4="Cobre",F4="Monofásico"),VLOOKUP(M4,'Iz''s'!$AT$10:$BA$28,2,FALSE),IF(AND(J4="Cobre",F4="Trifásico"),VLOOKUP(M4,'Iz''s'!$AT$10:$BA$28,3,FALSE),IF(AND(J4="Alumínio",F4="Monofásico"),VLOOKUP(M4,'Iz''s'!$BC$10:$BJ$27,2,FALSE),IF(AND(J4="Alumínio",F4="Trifásico"),VLOOKUP(M4,'Iz''s'!$BC$10:$BJ$27,3,FALSE))))) -> 101 | BH4: =IF(AND(J4="Cobre",F4="Monofásico"),VLOOKUP(M4,'Iz''s'!$AT$10:$BA$28,4,FALSE),IF(AND(J4="Cobre",F4="Trifásico"),VLOOKUP(M4,'Iz''s'!$AT$10:$BA$28,5,FALSE),IF(AND(J4="Alumínio",F4="Monofásico"),VLOOKUP(M4,'Iz''s'!$BC$10:$BJ$27,4,FALSE),IF(AND(J4="Alumínio",F4="Trifásico"),VLOOKUP(M4,'Iz''s'!$BC$10:$BJ$27,5,FALSE))))) -> 110 | BI4: =IF(AND(J4="Cobre",F4="Monofásico"),"N/A",IF(AND(J4="Cobre",F4="Trifásico"),VLOOKUP(M4,'Iz''s'!$AT$10:$BA$28,8,FALSE),IF(AND(J4="Alumínio",F4="Monofásico"),"N/A",IF(AND(J4="Alumínio",F4="Trifásico"),VLOOKUP(M4,'Iz''s'!$BC$10:$BJ$27,8,FALSE))))) -> 130 | BJ4: =IF(AND(J4="Cobre",F4="Monofásico"),VLOOKUP(M4,'Iz''s'!$G$8:$J$23,2,FALSE),IF(AND(J4="Cobre",F4="Trifásico"),VLOOKUP(M4,'Iz''s'!$Q$8:$T$23,2,FALSE),IF(AND(J4="Alumínio",F4="Monofásico"),VLOOKUP(M4,'Iz''s'!$G$25:$J$39,2,FALSE),IF(AND(J4="Alumínio",F4="Trifásico"),VLOOKUP(M4,'Iz''s'!$Q$25:$T$39,2,FALSE))))) -> 95 | BK4: =IF(AND(J4="Cobre",F4="Monofásico"),VLOOKUP(M4,'Iz''s'!$CJ$9:$CN$24,2,FALSE),IF(AND(J4="Cobre",F4="Trifásico"),VLOOKUP(M4,'Iz''s'!$CJ$9:$CN$24,4,FALSE),IF(AND(J4="Alumínio",F4="Monofásico"),VLOOKUP(M4,'Iz''s'!$CJ$26:$CN$40,2,FALSE),IF(AND(J4="Alumínio",F4="Trifásico"),VLOOKUP(M4,'Iz''s'!$CJ$26:$CN$40,4,FALSE))))) -> 89 | BL4: =IF(AND(J4="Cobre",F4="Monofásico"),VLOOKUP(M4,'Iz''s'!$G$8:$J$23,3,FALSE),IF(AND(J4="Cobre",F4="Trifásico"),VLOOKUP(M4,'Iz''s'!$Q$8:$T$23,3,FALSE),IF(AND(J4="Alumínio",F4="Monofásico"),VLOOKUP(M4,'Iz''s'!$G$25:$J$39,3,FALSE),IF(AND(J4="Alumínio",F4="Trifásico"),VLOOKUP(M4,'Iz''s'!$Q$25:$T$39,3,FALSE))))) -> 117 | BM4: =IF(AND(J4="Cobre",F4="Monofásico"),VLOOKUP(M4,'Iz''s'!$CJ$9:$CN$24,3,FALSE),IF(AND(J4="Cobre",F4="Trifásico"),VLOOKUP(M4,'Iz''s'!$CJ$9:$CN$24,5,FALSE),IF(AND(J4="Alumínio",F4="Monofásico"),VLOOKUP(M4,'Iz''s'!$CJ$26:$CN$40,3,FALSE),IF(AND(J4="Alumínio",F4="Trifásico"),VLOOKUP(M4,'Iz''s'!$CJ$26:$CN$40,5,FALSE))))) -> 105 | BN4: =IF(AND(J4="Cobre",F4="Monofásico"),VLOOKUP(M4,'Iz''s'!$G$8:$J$23,4,FALSE),IF(AND(J4="Cobre",F4="Trifásico"),VLOOKUP(M4,'Iz''s'!$Q$8:$T$23,4,FALSE),IF(AND(J4="Alumínio",F4="Monofásico"),VLOOKUP(M4,'Iz''s'!$G$25:$J$39,4,FALSE),IF(AND(J4="Alumínio",F4="Trifásico"),VLOOKUP(M4,'Iz''s'!$Q$25:$T$39,4,FALSE))))) -> 119 | BO4: =IF(AND(J4="Cobre",F4="Monofásico"),VLOOKUP(M4,'Iz''s'!$CP$9:$CT$24,5,FALSE),IF(AND(J4="Cobre",F4="Trifásico"),VLOOKUP(M4,'Iz''s'!$CP$9:$CT$24,4,FALSE),IF(AND(J4="Alumínio",F4="Monofásico"),VLOOKUP(M4,'Iz''s'!$CP$26:$CT$37,5,FALSE),IF(AND(J4="Alumínio",F4="Trifásico"),VLOOKUP(M4,'Iz''s'!$CP$26:$CT$37,4,FALSE))))) -> 144 | BP4: =IF(AND(J4="Cobre",F4="Monofásico"),VLOOKUP(M4,'Iz''s'!$BL$10:$BS$28,2,FALSE),IF(AND(J4="Cobre",F4="Trifásico"),VLOOKUP(M4,'Iz''s'!$BL$10:$BS$28,3,FALSE),IF(AND(J4="Alumínio",F4="Monofásico"),VLOOKUP(M4,'Iz''s'!$BU$10:$CB$27,2,FALSE),IF(AND(J4="Alumínio",F4="Trifásico"),VLOOKUP(M4,'Iz''s'!$BU$10:$CB$27,3,FALSE))))) -> 127 | BQ4: =IF(AND(J4="Cobre",F4="Monofásico"),VLOOKUP(M4,'Iz''s'!$BL$10:$BS$28,4,FALSE),IF(AND(J4="Cobre",F4="Trifásico"),VLOOKUP(M4,'Iz''s'!$BL$10:$BS$28,5,FALSE),IF(AND(J4="Alumínio",F4="Monofásico"),VLOOKUP(M4,'Iz''s'!$BU$10:$CB$27,4,FALSE),IF(AND(J4="Alumínio",F4="Trifásico"),VLOOKUP(M4,'Iz''s'!$BU$10:$CB$27,5,FALSE))))) -> 135 | BR4: =IF(AND(J4="Cobre",F4="Monofásico"),"N/A",IF(AND(J4="Cobre",F4="Trifásico"),VLOOKUP(M4,'Iz''s'!$BL$10:$BS$28,8,FALSE),IF(AND(J4="Alumínio",F4="Monofásico"),"N/A",IF(AND(J4="Alumínio",F4="Trifásico"),VLOOKUP(M4,'Iz''s'!$BU$10:$CB$27,8,FALSE))))) -> 161 | BS4: =IF(AND(K4="Cobre",G4="Monofásico"),"N/A",IF(AND(K4="Cobre",G4="Trifásico"),VLOOKUP(N4,'Iz''s'!$BL$10:$BS$28,8,FALSE),IF(AND(K4="Alumínio",G4="Monofásico"),"N/A",IF(AND(K4="Alumínio",G4="Trifásico"),VLOOKUP(N4,'Iz''s'!$BU$10:$CB$27,8,FALSE))))) -> FALSE | BT4: =IF(AND(J4="Cobre",F4="Monofásico"),VLOOKUP(M4,'Iz''s'!$AF$15:$AK$29,2,FALSE),IF(AND(J4="Cobre",F4="Trifásico"),VLOOKUP(M4,'Iz''s'!$AF$15:$AK$29,3,FALSE),IF(AND(J4="Alumínio",F4="Monofásico"),"N/A",IF(AND(J4="Alumínio",F4="Trifásico"),"N/A")))) -> 120 | BU4: =IF(AND(J4="Cobre",F4="Monofásico"),VLOOKUP(M4,'Iz''s'!$AF$15:$AK$29,2,FALSE),IF(AND(J4="Cobre",F4="Trifásico"),VLOOKUP(M4,'Iz''s'!$AF$15:$AK$29,3,FALSE),IF(AND(J4="Alumínio",F4="Monofásico"),"N/A",IF(AND(J4="Alumínio",F4="Trifásico"),"N/A")))) -> 120 | BV4: =IF(AND(J4="Cobre",F4="Monofásico"),"N/A",IF(AND(J4="Cobre",F4="Trifásico"),VLOOKUP(M4,'Iz''s'!$AF$15:$AK$29,6,FALSE),IF(AND(J4="Alumínio",F4="Monofásico"),"N/A",IF(AND(J4="Alumínio",F4="Trifásico"),"N/A")))) -> 162 | BW4: 2 | BY4: =VLOOKUP(M4,Consulta!$W$6:$AB$23,4,FALSE) -> 40 | BZ4: =VLOOKUP(M4,Consulta!$W$6:$AB$23,6,FALSE) -> 50 | CA4: =VLOOKUP(M4,Consulta!$AK$6:$AP$23,4,FALSE) -> 40 | CB4: =VLOOKUP(M4,Consulta!$AK$6:$AP$23,6,FALSE) -> 40 | CC4: =VLOOKUP(M4,Consulta!$AD$6:$AI$19,4,FALSE) -> 50 | CD4: =VLOOKUP(M4,Consulta!$AD$6:$AI$19,6,FALSE) -> 63 | CE4: =VLOOKUP(M4,Consulta!$AR$6:$AW$19,4,FALSE) -> 63 | CF4: =VLOOKUP(M4,Consulta!$AR$6:$AW$19,6,FALSE) -> 63
C5: Q.G.B.T. / Q_PS1 | D5: =SUM(D12:D20) -> 35.5 | E5: =0.344+5.8+0.3+15.35+2.1 -> 23.894 | F5: Trifásico | G5: Multicondutor | H5: 0.96 | I5: Cabo/Canalizações | J5: Cobre | K5: PVC | L5: 2 | M5: 6 | N5: E | O5: 13 | P5: =IF(K5="PVC",HLOOKUP(N5,$BA$3:$BI$104,BW5,FALSE),IF(OR(K5="XLPE",K5="EPR"),HLOOKUP(N5,$BJ$3:$BR$104,BW5,FALSE),IF(K5="Mineral",HLOOKUP(N5,$BS$3:$BV$104,BW5,FALSE),"N/A")))*L5 -> 86 | Q5: 5 | R5: 0.75 | S5: =IF(F5="Monofásico",(((D5*10^3)/H5)/230),(((D5*10^3)/H5)/(SQRT(3)*400))) -> 53.37483 | T5: =P5*R5 -> 64.5 | U5: Disjuntor | V5: 63 | W5: =IF(U5="C.C.Fusíveis",VLOOKUP(V5,Consulta!$L$5:$N$31,3,FALSE),VLOOKUP(V5,Consulta!$P$5:$R$34,3,FALSE)) -> 85 | X5: =CEILING(1.45*P5,1) -> 125 | Y5: =S5/T5 -> 0.82751674 | Z5: =IF(AND(S5<=V5,V5<=P5,W5<=X5),"Sim","Não") -> Sim | AA5: =$AA$4+SQRT($AB$4^2+$AC$4^2) -> 0.041154827 | AB5: =(IF(J5="Cobre",(1.25*0.0225),(1.25*0.036)))*((E5/M5)/L5) -> 0.056001562 | AC5: =(IF(M5<10,0,(0.00008)))*(E5) -> 0 | AD5: =$AF$4 -> 0.095511647 | AE5: =IF(F5="Trifásico",S5*(AB5*H5+AC5*SIN(ACOS(H5))),2*S5*(AB5*H5+AC5*SIN(ACOS(H5)))) -> 2.8695109 | AF5: =AD5+AE5 -> 2.9650225 | AG5: =AE5/230 -> 0.012476134 | AH5: =AF5/230 -> 0.012891402 | AI5: =IF(F5="Monofásico",(0.23/(SQRT((AB5^2)+(AC5^2))+AA5)),(0.4/(SQRT(3)*(SQRT((AB5^2)+(AC5^2))+AA5)))) -> 2.3769935 | AJ5: 3 | AK5: 0.1 | AL5: =IF(G5="Multicondutor",(IF(AND(J5="Cobre",K5="PVC"),115,IF(AND(J5="Cobre",K5="XLPE"),143,IF(AND(J5="Alumínio",K5="PVC"),76,IF(AND(J5="Alumínio",K5="XLPE"),94))))),(IF(AND(J5="Cobre",K5="PVC"),143,IF(AND(J5="Cobre",K5="XLPE"),176,IF(AND(J5="Alumínio",K5="PVC"),95,IF(AND(J5="Alumínio",K5="XLPE"),116)))))) -> 115 | AM5: =((AI5*1000)*SQRT(AK5))/AL5 -> 6.5362726 | AN5: =L5 -> 2 | AO5: × | AP5: [XV | AQ5: =IF(F5="Monofásico","3G",IF(AND(F5="Trifásico",M5<25),"5G","3×")) -> 5G | AR5: =M5 -> 6 | AS5: =IF(OR(AQ5="3G",AQ5="5G"),"","+2G") | AT5: =IF(OR(AQ5="3G",AQ5="5G"),"",VLOOKUP(AR5,Consulta!$T$5:$U$25,2,FALSE)) | AU5: mm2] | AV5: / | AW5: VD Ø | AX5: =IF(AND(F5="Monofásico",I5="Fio/Canalizações"),BY4,IF(AND(F5="Trifásico",I5="Fio/Canalizações"),BZ4,IF(AND(F5="Monofásico",I5="Cabo/Canalizações"),CA4,IF(AND(F5="Trifásico",I5="Cabo/Canalizações"),CB4,IF(AND(F5="Monofásico",I5="Fio/Colunas&Entradas"),CC4,IF(AND(F5="Trifásico",I5="Fio/Colunas&Entradas"),CD4,IF(AND(F5="Monofásico",I5="Cabo/Colunas&Entradas"),CE4,IF(AND(F5="Trifásico",I5="Cabo/Colunas&Entradas"),CF4)))))))) -> 40 | AY5: mm | BA5: =IF(AND(J5="Cobre",F5="Monofásico"),VLOOKUP(M5,'Iz''s'!$B$8:$E$23,2,FALSE),IF(AND(J5="Cobre",F5="Trifásico"),VLOOKUP(M5,'Iz''s'!$L$8:$O$23,2,FALSE),IF(AND(J5="Alumínio",F5="Monofásico"),VLOOKUP(M5,'Iz''s'!$B$25:$E$39,2,FALSE),IF(AND(J5="Alumínio",F5="Trifásico"),VLOOKUP(M5,'Iz''s'!$L$25:$O$39,2,FALSE))))) -> 31 | BB5: =IF(AND(J5="Cobre",F5="Monofásico"),VLOOKUP(M5,'Iz''s'!$CD$9:$CH$24,2,FALSE),IF(AND(J5="Cobre",F5="Trifásico"),VLOOKUP(M5,'Iz''s'!$CD$9:$CH$24,4,FALSE),IF(AND(J5="Alumínio",F5="Monofásico"),VLOOKUP(M5,'Iz''s'!$CD$26:$CH$40,2,FALSE),IF(AND(J5="Alumínio",F5="Trifásico"),VLOOKUP(M5,'Iz''s'!$CD$26:$CH$40,4,FALSE))))) -> 29 | BC5: =IF(AND(J5="Cobre",F5="Monofásico"),VLOOKUP(M5,'Iz''s'!$B$8:$E$23,3,FALSE),IF(AND(J5="Cobre",F5="Trifásico"),VLOOKUP(M5,'Iz''s'!$L$8:$O$23,3,FALSE),IF(AND(J5="Alumínio",F5="Monofásico"),VLOOKUP(M5,'Iz''s'!$B$25:$E$39,3,FALSE),IF(AND(J5="Alumínio",F5="Trifásico"),VLOOKUP(M5,'Iz''s'!$L$25:$O$39,3,FALSE))))) -> 36 | BD5: =IF(AND(J5="Cobre",F5="Monofásico"),VLOOKUP(M5,'Iz''s'!$CD$9:$CH$24,3,FALSE),IF(AND(J5="Cobre",F5="Trifásico"),VLOOKUP(M5,'Iz''s'!$CD$9:$CH$24,5,FALSE),IF(AND(J5="Alumínio",F5="Monofásico"),VLOOKUP(M5,'Iz''s'!$CD$26:$CH$40,3,FALSE),IF(AND(J5="Alumínio",F5="Trifásico"),VLOOKUP(M5,'Iz''s'!$CD$26:$CH$40,5,FALSE))))) -> 34 | BE5: =IF(AND(J5="Cobre",F5="Monofásico"),VLOOKUP(M5,'Iz''s'!$B$8:$E$23,4,FALSE),IF(AND(J5="Cobre",F5="Trifásico"),VLOOKUP(M5,'Iz''s'!$L$8:$O$23,4,FALSE),IF(AND(J5="Alumínio",F5="Monofásico"),VLOOKUP(M5,'Iz''s'!$B$25:$E$39,4,FALSE),IF(AND(J5="Alumínio",F5="Trifásico"),VLOOKUP(M5,'Iz''s'!$L$25:$O$39,4,FALSE))))) -> 41 | BF5: =IF(AND(J5="Cobre",F5="Monofásico"),VLOOKUP(M5,'Iz''s'!$CP$9:$CT$24,3,FALSE),IF(AND(J5="Cobre",F5="Trifásico"),VLOOKUP(M5,'Iz''s'!$CP$9:$CT$24,2,FALSE),IF(AND(J5="Alumínio",F5="Monofásico"),VLOOKUP(M5,'Iz''s'!$CP$26:$CT$37,3,FALSE),IF(AND(J5="Alumínio",F5="Trifásico"),VLOOKUP(M5,'Iz''s'!$CP$26:$CT$37,2,FALSE))))) -> 56 | BG5: =IF(AND(J5="Cobre",F5="Monofásico"),VLOOKUP(M5,'Iz''s'!$AT$10:$BA$28,2,FALSE),IF(AND(J5="Cobre",F5="Trifásico"),VLOOKUP(M5,'Iz''s'!$AT$10:$BA$28,3,FALSE),IF(AND(J5="Alumínio",F5="Monofásico"),VLOOKUP(M5,'Iz''s'!$BC$10:$BJ$27,2,FALSE),IF(AND(J5="Alumínio",F5="Trifásico"),VLOOKUP(M5,'Iz''s'!$BC$10:$BJ$27,3,FALSE))))) -> 43 | BH5: =IF(AND(J5="Cobre",F5="Monofásico"),VLOOKUP(M5,'Iz''s'!$AT$10:$BA$28,4,FALSE),IF(AND(J5="Cobre",F5="Trifásico"),VLOOKUP(M5,'Iz''s'!$AT$10:$BA$28,5,FALSE),IF(AND(J5="Alumínio",F5="Monofásico"),VLOOKUP(M5,'Iz''s'!$BC$10:$BJ$27,4,FALSE),IF(AND(J5="Alumínio",F5="Trifásico"),VLOOKUP(M5,'Iz''s'!$BC$10:$BJ$27,5,FALSE))))) -> --- | BI5: =IF(AND(J5="Cobre",F5="Monofásico"),"N/A",IF(AND(J5="Cobre",F5="Trifásico"),VLOOKUP(M5,'Iz''s'!$AT$10:$BA$28,8,FALSE),IF(AND(J5="Alumínio",F5="Monofásico"),"N/A",IF(AND(J5="Alumínio",F5="Trifásico"),VLOOKUP(M5,'Iz''s'!$BC$10:$BJ$27,8,FALSE))))) -> --- | BJ5: =IF(AND(J5="Cobre",F5="Monofásico"),VLOOKUP(M5,'Iz''s'!$G$8:$J$23,2,FALSE),IF(AND(J5="Cobre",F5="Trifásico"),VLOOKUP(M5,'Iz''s'!$Q$8:$T$23,2,FALSE),IF(AND(J5="Alumínio",F5="Monofásico"),VLOOKUP(M5,'Iz''s'!$G$25:$J$39,2,FALSE),IF(AND(J5="Alumínio",F5="Trifásico"),VLOOKUP(M5,'Iz''s'!$Q$25:$T$39,2,FALSE))))) -> 40 | BK5: =IF(AND(J5="Cobre",F5="Monofásico"),VLOOKUP(M5,'Iz''s'!$CJ$9:$CN$24,2,FALSE),IF(AND(J5="Cobre",F5="Trifásico"),VLOOKUP(M5,'Iz''s'!$CJ$9:$CN$24,4,FALSE),IF(AND(J5="Alumínio",F5="Monofásico"),VLOOKUP(M5,'Iz''s'!$CJ$26:$CN$40,2,FALSE),IF(AND(J5="Alumínio",F5="Trifásico"),VLOOKUP(M5,'Iz''s'!$CJ$26:$CN$40,4,FALSE))))) -> 38 | BL5: =IF(AND(J5="Cobre",F5="Monofásico"),VLOOKUP(M5,'Iz''s'!$G$8:$J$23,3,FALSE),IF(AND(J5="Cobre",F5="Trifásico"),VLOOKUP(M5,'Iz''s'!$Q$8:$T$23,3,FALSE),IF(AND(J5="Alumínio",F5="Monofásico"),VLOOKUP(M5,'Iz''s'!$G$25:$J$39,3,FALSE),IF(AND(J5="Alumínio",F5="Trifásico"),VLOOKUP(M5,'Iz''s'!$Q$25:$T$39,3,FALSE))))) -> 48 | BM5: =IF(AND(J5="Cobre",F5="Monofásico"),VLOOKUP(M5,'Iz''s'!$CJ$9:$CN$24,3,FALSE),IF(AND(J5="Cobre",F5="Trifásico"),VLOOKUP(M5,'Iz''s'!$CJ$9:$CN$24,5,FALSE),IF(AND(J5="Alumínio",F5="Monofásico"),VLOOKUP(M5,'Iz''s'!$CJ$26:$CN$40,3,FALSE),IF(AND(J5="Alumínio",F5="Trifásico"),VLOOKUP(M5,'Iz''s'!$CJ$26:$CN$40,5,FALSE))))) -> 44 | BN5: =IF(AND(J5="Cobre",F5="Monofásico"),VLOOKUP(M5,'Iz''s'!$G$8:$J$23,4,FALSE),IF(AND(J5="Cobre",F5="Trifásico"),VLOOKUP(M5,'Iz''s'!$Q$8:$T$23,4,FALSE),IF(AND(J5="Alumínio",F5="Monofásico"),VLOOKUP(M5,'Iz''s'!$G$25:$J$39,4,FALSE),IF(AND(J5="Alumínio",F5="Trifásico"),VLOOKUP(M5,'Iz''s'!$Q$25:$T$39,4,FALSE))))) -> 52 | BO5: =IF(AND(J5="Cobre",F5="Monofásico"),VLOOKUP(M5,'Iz''s'!$CP$9:$CT$24,5,FALSE),IF(AND(J5="Cobre",F5="Trifásico"),VLOOKUP(M5,'Iz''s'!$CP$9:$CT$24,4,FALSE),IF(AND(J5="Alumínio",F5="Monofásico"),VLOOKUP(M5,'Iz''s'!$CP$26:$CT$37,5,FALSE),IF(AND(J5="Alumínio",F5="Trifásico"),VLOOKUP(M5,'Iz''s'!$CP$26:$CT$37,4,FALSE))))) -> 66 | BP5: =IF(AND(J5="Cobre",F5="Monofásico"),VLOOKUP(M5,'Iz''s'!$BL$10:$BS$28,2,FALSE),IF(AND(J5="Cobre",F5="Trifásico"),VLOOKUP(M5,'Iz''s'!$BL$10:$BS$28,3,FALSE),IF(AND(J5="Alumínio",F5="Monofásico"),VLOOKUP(M5,'Iz''s'!$BU$10:$CB$27,2,FALSE),IF(AND(J5="Alumínio",F5="Trifásico"),VLOOKUP(M5,'Iz''s'!$BU$10:$CB$27,3,FALSE))))) -> 54 | BQ5: =IF(AND(J5="Cobre",F5="Monofásico"),VLOOKUP(M5,'Iz''s'!$BL$10:$BS$28,4,FALSE),IF(AND(J5="Cobre",F5="Trifásico"),VLOOKUP(M5,'Iz''s'!$BL$10:$BS$28,5,FALSE),IF(AND(J5="Alumínio",F5="Monofásico"),VLOOKUP(M5,'Iz''s'!$BU$10:$CB$27,4,FALSE),IF(AND(J5="Alumínio",F5="Trifásico"),VLOOKUP(M5,'Iz''s'!$BU$10:$CB$27,5,FALSE))))) -> --- | BR5: =IF(AND(J5="Cobre",F5="Monofásico"),"N/A",IF(AND(J5="Cobre",F5="Trifásico"),VLOOKUP(M5,'Iz''s'!$BL$10:$BS$28,8,FALSE),IF(AND(J5="Alumínio",F5="Monofásico"),"N/A",IF(AND(J5="Alumínio",F5="Trifásico"),VLOOKUP(M5,'Iz''s'!$BU$10:$CB$27,8,FALSE))))) -> --- | BS5: =IF(AND(J5="Cobre",F5="Monofásico"),VLOOKUP(M5,'Iz''s'!$V$14:$Y$28,2,FALSE),IF(AND(J5="Cobre",F5="Trifásico"),VLOOKUP(M5,'Iz''s'!$V$14:$Y$28,3,FALSE),IF(AND(J5="Alumínio",F5="Monofásico"),VLOOKUP(M5,"N/A",4,FALSE),IF(AND(J5="Alumínio",F5="Trifásico"),VLOOKUP(M5,"N/A",4,FALSE))))) -> 48 | BT5: =IF(AND(J5="Cobre",F5="Monofásico"),VLOOKUP(M5,'Iz''s'!$AF$15:$AK$29,2,FALSE),IF(AND(J5="Cobre",F5="Trifásico"),VLOOKUP(M5,'Iz''s'!$AF$15:$AK$29,3,FALSE),IF(AND(J5="Alumínio",F5="Monofásico"),"N/A",IF(AND(J5="Alumínio",F5="Trifásico"),"N/A")))) -> 51 | BU5: =IF(AND(J5="Cobre",F5="Monofásico"),VLOOKUP(M5,'Iz''s'!$AF$15:$AK$29,2,FALSE),IF(AND(J5="Cobre",F5="Trifásico"),VLOOKUP(M5,'Iz''s'!$AF$15:$AK$29,3,FALSE),IF(AND(J5="Alumínio",F5="Monofásico"),"N/A",IF(AND(J5="Alumínio",F5="Trifásico"),"N/A")))) -> 51 | BV5: =IF(AND(J5="Cobre",F5="Monofásico"),"N/A",IF(AND(J5="Cobre",F5="Trifásico"),VLOOKUP(M5,'Iz''s'!$AF$15:$AK$29,6,FALSE),IF(AND(J5="Alumínio",F5="Monofásico"),"N/A",IF(AND(J5="Alumínio",F5="Trifásico"),"N/A")))) -> 71 | BW5: 3 | BY5: =VLOOKUP(M5,Consulta!$W$6:$AB$23,4,FALSE) -> 20 | BZ5: =VLOOKUP(M5,Consulta!$W$6:$AB$23,6,FALSE) -> 25 | CA5: =VLOOKUP(M5,Consulta!$AK$6:$AP$23,4,FALSE) -> 25 | CB5: =VLOOKUP(M5,Consulta!$AK$6:$AP$23,6,FALSE) -> 32 | CC5: =VLOOKUP(M5,Consulta!$AD$6:$AI$19,4,FALSE) -> #N/A | CD5: =VLOOKUP(M5,Consulta!$AD$6:$AI$19,6,FALSE) -> #N/A | CE5: =VLOOKUP(M5,Consulta!$AR$6:$AW$19,4,FALSE) -> #N/A | CF5: =VLOOKUP(M5,Consulta!$AR$6:$AW$19,6,FALSE) -> #N/A
C6: Q.G.B.T. / Q_PS2 | D6: =SUM(D21:D34) -> 43.36 | E6: =0.344+5.8+0.3+15.35+2.1+2 -> 25.894 | F6: Trifásico | G6: Multicondutor | H6: 0.96 | I6: Cabo/Canalizações | J6: Cobre | K6: PVC | L6: 2 | M6: 10 | N6: E | O6: 13 | P6: =IF(K6="PVC",HLOOKUP(N6,$BA$3:$BI$104,BW6,FALSE),IF(OR(K6="XLPE",K6="EPR"),HLOOKUP(N6,$BJ$3:$BR$104,BW6,FALSE),IF(K6="Mineral",HLOOKUP(N6,$BS$3:$BV$104,BW6,FALSE),"N/A")))*L6 -> 120 | Q6: 5 | R6: 0.75 | S6: =IF(F6="Monofásico",(((D6*10^3)/H6)/230),(((D6*10^3)/H6)/(SQRT(3)*400))) -> 65.192468 | T6: =P6*R6 -> 90 | U6: Disjuntor | V6: 80 | W6: =IF(U6="C.C.Fusíveis",VLOOKUP(V6,Consulta!$L$5:$N$31,3,FALSE),VLOOKUP(V6,Consulta!$P$5:$R$34,3,FALSE)) -> 108 | X6: =CEILING(1.45*P6,1) -> 174 | Y6: =S6/T6 -> 0.72436075 | Z6: =IF(AND(S6<=V6,V6<=P6,W6<=X6),"Sim","Não") -> Sim | AA6: =$AA$4+SQRT($AB$4^2+$AC$4^2) -> 0.041154827 | AB6: =(IF(J6="Cobre",(1.25*0.0225),(1.25*0.036)))*((E6/M6)/L6) -> 0.036413437 | AC6: =(IF(M6<10,0,(0.00008)))*(E6) -> 0.00207152 | AD6: =$AF$4 -> 0.095511647 | AE6: =IF(F6="Trifásico",S6*(AB6*H6+AC6*SIN(ACOS(H6))),2*S6*(AB6*H6+AC6*SIN(ACOS(H6)))) -> 2.3167399 | AF6: =AD6+AE6 -> 2.4122515 | AG6: =AE6/230 -> 0.010072782 | AH6: =AF6/230 -> 0.01048805 | AI6: =IF(F6="Monofásico",(0.23/(SQRT((AB6^2)+(AC6^2))+AA6)),(0.4/(SQRT(3)*(SQRT((AB6^2)+(AC6^2))+AA6)))) -> 2.9749918 | AJ6: 3 | AK6: 0.1 | AL6: =IF(G6="Multicondutor",(IF(AND(J6="Cobre",K6="PVC"),115,IF(AND(J6="Cobre",K6="XLPE"),143,IF(AND(J6="Alumínio",K6="PVC"),76,IF(AND(J6="Alumínio",K6="XLPE"),94))))),(IF(AND(J6="Cobre",K6="PVC"),143,IF(AND(J6="Cobre",K6="XLPE"),176,IF(AND(J6="Alumínio",K6="PVC"),95,IF(AND(J6="Alumínio",K6="XLPE"),116)))))) -> 115 | AM6: =((AI6*1000)*SQRT(AK6))/AL6 -> 8.1806523 | AN6: =L6 -> 2 | AO6: × | AP6: [XV | AQ6: =IF(F6="Monofásico","3G",IF(AND(F6="Trifásico",M6<25),"5G","3×")) -> 5G | AR6: =M6 -> 10 | AS6: =IF(OR(AQ6="3G",AQ6="5G"),"","+2G") | AT6: =IF(OR(AQ6="3G",AQ6="5G"),"",VLOOKUP(AR6,Consulta!$T$5:$U$25,2,FALSE)) | AU6: mm2] | AV6: / | AW6: VD Ø | AX6: =IF(AND(F6="Monofásico",I6="Fio/Canalizações"),BY5,IF(AND(F6="Trifásico",I6="Fio/Canalizações"),BZ5,IF(AND(F6="Monofásico",I6="Cabo/Canalizações"),CA5,IF(AND(F6="Trifásico",I6="Cabo/Canalizações"),CB5,IF(AND(F6="Monofásico",I6="Fio/Colunas&Entradas"),CC5,IF(AND(F6="Trifásico",I6="Fio/Colunas&Entradas"),CD5,IF(AND(F6="Monofásico",I6="Cabo/Colunas&Entradas"),CE5,IF(AND(F6="Trifásico",I6="Cabo/Colunas&Entradas"),CF5)))))))) -> 32 | AY6: mm | BA6: =IF(AND(J6="Cobre",F6="Monofásico"),VLOOKUP(M6,'Iz''s'!$B$8:$E$23,2,FALSE),IF(AND(J6="Cobre",F6="Trifásico"),VLOOKUP(M6,'Iz''s'!$L$8:$O$23,2,FALSE),IF(AND(J6="Alumínio",F6="Monofásico"),VLOOKUP(M6,'Iz''s'!$B$25:$E$39,2,FALSE),IF(AND(J6="Alumínio",F6="Trifásico"),VLOOKUP(M6,'Iz''s'!$L$25:$O$39,2,FALSE))))) -> 42 | BB6: =IF(AND(J6="Cobre",F6="Monofásico"),VLOOKUP(M6,'Iz''s'!$CD$9:$CH$24,2,FALSE),IF(AND(J6="Cobre",F6="Trifásico"),VLOOKUP(M6,'Iz''s'!$CD$9:$CH$24,4,FALSE),IF(AND(J6="Alumínio",F6="Monofásico"),VLOOKUP(M6,'Iz''s'!$CD$26:$CH$40,2,FALSE),IF(AND(J6="Alumínio",F6="Trifásico"),VLOOKUP(M6,'Iz''s'!$CD$26:$CH$40,4,FALSE))))) -> 39 | BC6: =IF(AND(J6="Cobre",F6="Monofásico"),VLOOKUP(M6,'Iz''s'!$B$8:$E$23,3,FALSE),IF(AND(J6="Cobre",F6="Trifásico"),VLOOKUP(M6,'Iz''s'!$L$8:$O$23,3,FALSE),IF(AND(J6="Alumínio",F6="Monofásico"),VLOOKUP(M6,'Iz''s'!$B$25:$E$39,3,FALSE),IF(AND(J6="Alumínio",F6="Trifásico"),VLOOKUP(M6,'Iz''s'!$L$25:$O$39,3,FALSE))))) -> 50 | BD6: =IF(AND(J6="Cobre",F6="Monofásico"),VLOOKUP(M6,'Iz''s'!$CD$9:$CH$24,3,FALSE),IF(AND(J6="Cobre",F6="Trifásico"),VLOOKUP(M6,'Iz''s'!$CD$9:$CH$24,5,FALSE),IF(AND(J6="Alumínio",F6="Monofásico"),VLOOKUP(M6,'Iz''s'!$CD$26:$CH$40,3,FALSE),IF(AND(J6="Alumínio",F6="Trifásico"),VLOOKUP(M6,'Iz''s'!$CD$26:$CH$40,5,FALSE))))) -> 46 | BE6: =IF(AND(J6="Cobre",F6="Monofásico"),VLOOKUP(M6,'Iz''s'!$B$8:$E$23,4,FALSE),IF(AND(J6="Cobre",F6="Trifásico"),VLOOKUP(M6,'Iz''s'!$L$8:$O$23,4,FALSE),IF(AND(J6="Alumínio",F6="Monofásico"),VLOOKUP(M6,'Iz''s'!$B$25:$E$39,4,FALSE),IF(AND(J6="Alumínio",F6="Trifásico"),VLOOKUP(M6,'Iz''s'!$L$25:$O$39,4,FALSE))))) -> 57 | BF6: =IF(AND(J6="Cobre",F6="Monofásico"),VLOOKUP(M6,'Iz''s'!$CP$9:$CT$24,3,FALSE),IF(AND(J6="Cobre",F6="Trifásico"),VLOOKUP(M6,'Iz''s'!$CP$9:$CT$24,2,FALSE),IF(AND(J6="Alumínio",F6="Monofásico"),VLOOKUP(M6,'Iz''s'!$CP$26:$CT$37,3,FALSE),IF(AND(J6="Alumínio",F6="Trifásico"),VLOOKUP(M6,'Iz''s'!$CP$26:$CT$37,2,FALSE))))) -> 74 | BG6: =IF(AND(J6="Cobre",F6="Monofásico"),VLOOKUP(M6,'Iz''s'!$AT$10:$BA$28,2,FALSE),IF(AND(J6="Cobre",F6="Trifásico"),VLOOKUP(M6,'Iz''s'!$AT$10:$BA$28,3,FALSE),IF(AND(J6="Alumínio",F6="Monofásico"),VLOOKUP(M6,'Iz''s'!$BC$10:$BJ$27,2,FALSE),IF(AND(J6="Alumínio",F6="Trifásico"),VLOOKUP(M6,'Iz''s'!$BC$10:$BJ$27,3,FALSE))))) -> 60 | BH6: =IF(AND(J6="Cobre",F6="Monofásico"),VLOOKUP(M6,'Iz''s'!$AT$10:$BA$28,4,FALSE),IF(AND(J6="Cobre",F6="Trifásico"),VLOOKUP(M6,'Iz''s'!$AT$10:$BA$28,5,FALSE),IF(AND(J6="Alumínio",F6="Monofásico"),VLOOKUP(M6,'Iz''s'!$BC$10:$BJ$27,4,FALSE),IF(AND(J6="Alumínio",F6="Trifásico"),VLOOKUP(M6,'Iz''s'!$BC$10:$BJ$27,5,FALSE))))) -> --- | BI6: =IF(AND(J6="Cobre",F6="Monofásico"),"N/A",IF(AND(J6="Cobre",F6="Trifásico"),VLOOKUP(M6,'Iz''s'!$AT$10:$BA$28,8,FALSE),IF(AND(J6="Alumínio",F6="Monofásico"),"N/A",IF(AND(J6="Alumínio",F6="Trifásico"),VLOOKUP(M6,'Iz''s'!$BC$10:$BJ$27,8,FALSE))))) -> --- | BJ6: =IF(AND(J6="Cobre",F6="Monofásico"),VLOOKUP(M6,'Iz''s'!$G$8:$J$23,2,FALSE),IF(AND(J6="Cobre",F6="Trifásico"),VLOOKUP(M6,'Iz''s'!$Q$8:$T$23,2,FALSE),IF(AND(J6="Alumínio",F6="Monofásico"),VLOOKUP(M6,'Iz''s'!$G$25:$J$39,2,FALSE),IF(AND(J6="Alumínio",F6="Trifásico"),VLOOKUP(M6,'Iz''s'!$Q$25:$T$39,2,FALSE))))) -> 54 | BK6: =IF(AND(J6="Cobre",F6="Monofásico"),VLOOKUP(M6,'Iz''s'!$CJ$9:$CN$24,2,FALSE),IF(AND(J6="Cobre",F6="Trifásico"),VLOOKUP(M6,'Iz''s'!$CJ$9:$CN$24,4,FALSE),IF(AND(J6="Alumínio",F6="Monofásico"),VLOOKUP(M6,'Iz''s'!$CJ$26:$CN$40,2,FALSE),IF(AND(J6="Alumínio",F6="Trifásico"),VLOOKUP(M6,'Iz''s'!$CJ$26:$CN$40,4,FALSE))))) -> 51 | BL6: =IF(AND(J6="Cobre",F6="Monofásico"),VLOOKUP(M6,'Iz''s'!$G$8:$J$23,3,FALSE),IF(AND(J6="Cobre",F6="Trifásico"),VLOOKUP(M6,'Iz''s'!$Q$8:$T$23,3,FALSE),IF(AND(J6="Alumínio",F6="Monofásico"),VLOOKUP(M6,'Iz''s'!$G$25:$J$39,3,FALSE),IF(AND(J6="Alumínio",F6="Trifásico"),VLOOKUP(M6,'Iz''s'!$Q$25:$T$39,3,FALSE))))) -> 66 | BM6: =IF(AND(J6="Cobre",F6="Monofásico"),VLOOKUP(M6,'Iz''s'!$CJ$9:$CN$24,3,FALSE),IF(AND(J6="Cobre",F6="Trifásico"),VLOOKUP(M6,'Iz''s'!$CJ$9:$CN$24,5,FALSE),IF(AND(J6="Alumínio",F6="Monofásico"),VLOOKUP(M6,'Iz''s'!$CJ$26:$CN$40,3,FALSE),IF(AND(J6="Alumínio",F6="Trifásico"),VLOOKUP(M6,'Iz''s'!$CJ$26:$CN$40,5,FALSE))))) -> 60 | BN6: =IF(AND(J6="Cobre",F6="Monofásico"),VLOOKUP(M6,'Iz''s'!$G$8:$J$23,4,FALSE),IF(AND(J6="Cobre",F6="Trifásico"),VLOOKUP(M6,'Iz''s'!$Q$8:$T$23,4,FALSE),IF(AND(J6="Alumínio",F6="Monofásico"),VLOOKUP(M6,'Iz''s'!$G$25:$J$39,4,FALSE),IF(AND(J6="Alumínio",F6="Trifásico"),VLOOKUP(M6,'Iz''s'!$Q$25:$T$39,4,FALSE))))) -> 71 | BO6: =IF(AND(J6="Cobre",F6="Monofásico"),VLOOKUP(M6,'Iz''s'!$CP$9:$CT$24,5,FALSE),IF(AND(J6="Cobre",F6="Trifásico"),VLOOKUP(M6,'Iz''s'!$CP$9:$CT$24,4,FALSE),IF(AND(J6="Alumínio",F6="Monofásico"),VLOOKUP(M6,'Iz''s'!$CP$26:$CT$37,5,FALSE),IF(AND(J6="Alumínio",F6="Trifásico"),VLOOKUP(M6,'Iz''s'!$CP$26:$CT$37,4,FALSE))))) -> 87 | BP6: =IF(AND(J6="Cobre",F6="Monofásico"),VLOOKUP(M6,'Iz''s'!$BL$10:$BS$28,2,FALSE),IF(AND(J6="Cobre",F6="Trifásico"),VLOOKUP(M6,'Iz''s'!$BL$10:$BS$28,3,FALSE),IF(AND(J6="Alumínio",F6="Monofásico"),VLOOKUP(M6,'Iz''s'!$BU$10:$CB$27,2,FALSE),IF(AND(J6="Alumínio",F6="Trifásico"),VLOOKUP(M6,'Iz''s'!$BU$10:$CB$27,3,FALSE))))) -> 75 | BQ6: =IF(AND(J6="Cobre",F6="Monofásico"),VLOOKUP(M6,'Iz''s'!$BL$10:$BS$28,4,FALSE),IF(AND(J6="Cobre",F6="Trifásico"),VLOOKUP(M6,'Iz''s'!$BL$10:$BS$28,5,FALSE),IF(AND(J6="Alumínio",F6="Monofásico"),VLOOKUP(M6,'Iz''s'!$BU$10:$CB$27,4,FALSE),IF(AND(J6="Alumínio",F6="Trifásico"),VLOOKUP(M6,'Iz''s'!$BU$10:$CB$27,5,FALSE))))) -> --- | BR6: =IF(AND(J6="Cobre",F6="Monofásico"),"N/A",IF(AND(J6="Cobre",F6="Trifásico"),VLOOKUP(M6,'Iz''s'!$BL$10:$BS$28,8,FALSE),IF(AND(J6="Alumínio",F6="Monofásico"),"N/A",IF(AND(J6="Alumínio",F6="Trifásico"),VLOOKUP(M6,'Iz''s'!$BU$10:$CB$27,8,FALSE))))) -> --- | BS6: =IF(AND(J6="Cobre",F6="Monofásico"),VLOOKUP(M6,'Iz''s'!$V$14:$Y$28,2,FALSE),IF(AND(J6="Cobre",F6="Trifásico"),VLOOKUP(M6,'Iz''s'!$V$14:$Y$28,3,FALSE),IF(AND(J6="Alumínio",F6="Monofásico"),VLOOKUP(M6,"N/A",4,FALSE),IF(AND(J6="Alumínio",F6="Trifásico"),VLOOKUP(M6,"N/A",4,FALSE))))) -> 65 | BT6: =IF(AND(J6="Cobre",F6="Monofásico"),VLOOKUP(M6,'Iz''s'!$AF$15:$AK$29,2,FALSE),IF(AND(J6="Cobre",F6="Trifásico"),VLOOKUP(M6,'Iz''s'!$AF$15:$AK$29,3,FALSE),IF(AND(J6="Alumínio",F6="Monofásico"),"N/A",IF(AND(J6="Alumínio",F6="Trifásico"),"N/A")))) -> 69 | BU6: =IF(AND(J6="Cobre",F6="Monofásico"),VLOOKUP(M6,'Iz''s'!$AF$15:$AK$29,2,FALSE),IF(AND(J6="Cobre",F6="Trifásico"),VLOOKUP(M6,'Iz''s'!$AF$15:$AK$29,3,FALSE),IF(AND(J6="Alumínio",F6="Monofásico"),"N/A",IF(AND(J6="Alumínio",F6="Trifásico"),"N/A")))) -> 69 | BV6: =IF(AND(J6="Cobre",F6="Monofásico"),"N/A",IF(AND(J6="Cobre",F6="Trifásico"),VLOOKUP(M6,'Iz''s'!$AF$15:$AK$29,6,FALSE),IF(AND(J6="Alumínio",F6="Monofásico"),"N/A",IF(AND(J6="Alumínio",F6="Trifásico"),"N/A")))) -> 95 | BW6: 4 | BY6: =VLOOKUP(M6,Consulta!$W$6:$AB$23,4,FALSE) -> 25 | BZ6: =VLOOKUP(M6,Consulta!$W$6:$AB$23,6,FALSE) -> 32 | CA6: =VLOOKUP(M6,Consulta!$AK$6:$AP$23,4,FALSE) -> 32 | CB6: =VLOOKUP(M6,Consulta!$AK$6:$AP$23,6,FALSE) -> 32 | CC6: =VLOOKUP(M6,Consulta!$AD$6:$AI$19,4,FALSE) -> 32 | CD6: =VLOOKUP(M6,Consulta!$AD$6:$AI$19,6,FALSE) -> 40 | CE6: =VLOOKUP(M6,Consulta!$AR$6:$AW$19,4,FALSE) -> 50 | CF6: =VLOOKUP(M6,Consulta!$AR$6:$AW$19,6,FALSE) -> 50
C7: Q.G.B.T. / Q_PS3 | D7: =SUM(D35:D49) -> 31.803 | E7: =0.6516+0.736 -> 1.3876 | F7: Trifásico | G7: Multicondutor | H7: 0.96 | I7: Cabo/Canalizações | J7: Cobre | K7: PVC | L7: 2 | M7: 6 | N7: E | O7: 13 | P7: =IF(K7="PVC",HLOOKUP(N7,$BA$3:$BI$104,BW7,FALSE),IF(OR(K7="XLPE",K7="EPR"),HLOOKUP(N7,$BJ$3:$BR$104,BW7,FALSE),IF(K7="Mineral",HLOOKUP(N7,$BS$3:$BV$104,BW7,FALSE),"N/A")))*L7 -> 86 | Q7: 5 | R7: 0.75 | S7: =IF(F7="Monofásico",(((D7*10^3)/H7)/230),(((D7*10^3)/H7)/(SQRT(3)*400))) -> 47.81633 | T7: =P7*R7 -> 64.5 | U7: Disjuntor | V7: 63 | W7: =IF(U7="C.C.Fusíveis",VLOOKUP(V7,Consulta!$L$5:$N$31,3,FALSE),VLOOKUP(V7,Consulta!$P$5:$R$34,3,FALSE)) -> 85 | X7: =CEILING(1.45*P7,1) -> 125 | Y7: =S7/T7 -> 0.74133845 | Z7: =IF(AND(S7<=V7,V7<=P7,W7<=X7),"Sim","Não") -> Sim | AA7: =$AA$4+SQRT($AB$4^2+$AC$4^2) -> 0.041154827 | AB7: =(IF(J7="Cobre",(1.25*0.0225),(1.25*0.036)))*((E7/M7)/L7) -> 0.0032521875 | AC7: =(IF(M7<10,0,(0.00008)))*(E7) -> 0 | AD7: =$AF$4 -> 0.095511647 | AE7: =IF(F7="Trifásico",S7*(AB7*H7+AC7*SIN(ACOS(H7))),2*S7*(AB7*H7+AC7*SIN(ACOS(H7)))) -> 0.14928736 | AF7: =AD7+AE7 -> 0.24479901 | AG7: =AE7/230 -> 0.00064907549 | AH7: =AF7/230 -> 0.0010643435 | AI7: =IF(F7="Monofásico",(0.23/(SQRT((AB7^2)+(AC7^2))+AA7)),(0.4/(SQRT(3)*(SQRT((AB7^2)+(AC7^2))+AA7)))) -> 5.2005322 | AJ7: 3 | AK7: 0.1 | AL7: =IF(G7="Multicondutor",(IF(AND(J7="Cobre",K7="PVC"),115,IF(AND(J7="Cobre",K7="XLPE"),143,IF(AND(J7="Alumínio",K7="PVC"),76,IF(AND(J7="Alumínio",K7="XLPE"),94))))),(IF(AND(J7="Cobre",K7="PVC"),143,IF(AND(J7="Cobre",K7="XLPE"),176,IF(AND(J7="Alumínio",K7="PVC"),95,IF(AND(J7="Alumínio",K7="XLPE"),116)))))) -> 115 | AM7: =((AI7*1000)*SQRT(AK7))/AL7 -> 14.300458 | AN7: =L7 -> 2 | AO7: × | AP7: [XV | AQ7: =IF(F7="Monofásico","3G",IF(AND(F7="Trifásico",M7<25),"5G","3×")) -> 5G | AR7: =M7 -> 6 | AS7: =IF(OR(AQ7="3G",AQ7="5G"),"","+2G") | AT7: =IF(OR(AQ7="3G",AQ7="5G"),"",VLOOKUP(AR7,Consulta!$T$5:$U$25,2,FALSE)) | AU7: mm2] | AV7: / | AW7: VD Ø | AX7: =IF(AND(F7="Monofásico",I7="Fio/Canalizações"),BY6,IF(AND(F7="Trifásico",I7="Fio/Canalizações"),BZ6,IF(AND(F7="Monofásico",I7="Cabo/Canalizações"),CA6,IF(AND(F7="Trifásico",I7="Cabo/Canalizações"),CB6,IF(AND(F7="Monofásico",I7="Fio/Colunas&Entradas"),CC6,IF(AND(F7="Trifásico",I7="Fio/Colunas&Entradas"),CD6,IF(AND(F7="Monofásico",I7="Cabo/Colunas&Entradas"),CE6,IF(AND(F7="Trifásico",I7="Cabo/Colunas&Entradas"),CF6)))))))) -> 32 | AY7: mm | BA7: =IF(AND(J7="Cobre",F7="Monofásico"),VLOOKUP(M7,'Iz''s'!$B$8:$E$23,2,FALSE),IF(AND(J7="Cobre",F7="Trifásico"),VLOOKUP(M7,'Iz''s'!$L$8:$O$23,2,FALSE),IF(AND(J7="Alumínio",F7="Monofásico"),VLOOKUP(M7,'Iz''s'!$B$25:$E$39,2,FALSE),IF(AND(J7="Alumínio",F7="Trifásico"),VLOOKUP(M7,'Iz''s'!$L$25:$O$39,2,FALSE))))) -> 31 | BB7: =IF(AND(J7="Cobre",F7="Monofásico"),VLOOKUP(M7,'Iz''s'!$CD$9:$CH$24,2,FALSE),IF(AND(J7="Cobre",F7="Trifásico"),VLOOKUP(M7,'Iz''s'!$CD$9:$CH$24,4,FALSE),IF(AND(J7="Alumínio",F7="Monofásico"),VLOOKUP(M7,'Iz''s'!$CD$26:$CH$40,2,FALSE),IF(AND(J7="Alumínio",F7="Trifásico"),VLOOKUP(M7,'Iz''s'!$CD$26:$CH$40,4,FALSE))))) -> 29 | BC7: =IF(AND(J7="Cobre",F7="Monofásico"),VLOOKUP(M7,'Iz''s'!$B$8:$E$23,3,FALSE),IF(AND(J7="Cobre",F7="Trifásico"),VLOOKUP(M7,'Iz''s'!$L$8:$O$23,3,FALSE),IF(AND(J7="Alumínio",F7="Monofásico"),VLOOKUP(M7,'Iz''s'!$B$25:$E$39,3,FALSE),IF(AND(J7="Alumínio",F7="Trifásico"),VLOOKUP(M7,'Iz''s'!$L$25:$O$39,3,FALSE))))) -> 36 | BD7: =IF(AND(J7="Cobre",F7="Monofásico"),VLOOKUP(M7,'Iz''s'!$CD$9:$CH$24,3,FALSE),IF(AND(J7="Cobre",F7="Trifásico"),VLOOKUP(M7,'Iz''s'!$CD$9:$CH$24,5,FALSE),IF(AND(J7="Alumínio",F7="Monofásico"),VLOOKUP(M7,'Iz''s'!$CD$26:$CH$40,3,FALSE),IF(AND(J7="Alumínio",F7="Trifásico"),VLOOKUP(M7,'Iz''s'!$CD$26:$CH$40,5,FALSE))))) -> 34 | BE7: =IF(AND(J7="Cobre",F7="Monofásico"),VLOOKUP(M7,'Iz''s'!$B$8:$E$23,4,FALSE),IF(AND(J7="Cobre",F7="Trifásico"),VLOOKUP(M7,'Iz''s'!$L$8:$O$23,4,FALSE),IF(AND(J7="Alumínio",F7="Monofásico"),VLOOKUP(M7,'Iz''s'!$B$25:$E$39,4,FALSE),IF(AND(J7="Alumínio",F7="Trifásico"),VLOOKUP(M7,'Iz''s'!$L$25:$O$39,4,FALSE))))) -> 41 | BF7: =IF(AND(J7="Cobre",F7="Monofásico"),VLOOKUP(M7,'Iz''s'!$CP$9:$CT$24,3,FALSE),IF(AND(J7="Cobre",F7="Trifásico"),VLOOKUP(M7,'Iz''s'!$CP$9:$CT$24,2,FALSE),IF(AND(J7="Alumínio",F7="Monofásico"),VLOOKUP(M7,'Iz''s'!$CP$26:$CT$37,3,FALSE),IF(AND(J7="Alumínio",F7="Trifásico"),VLOOKUP(M7,'Iz''s'!$CP$26:$CT$37,2,FALSE))))) -> 56 | BG7: =IF(AND(J7="Cobre",F7="Monofásico"),VLOOKUP(M7,'Iz''s'!$AT$10:$BA$28,2,FALSE),IF(AND(J7="Cobre",F7="Trifásico"),VLOOKUP(M7,'Iz''s'!$AT$10:$BA$28,3,FALSE),IF(AND(J7="Alumínio",F7="Monofásico"),VLOOKUP(M7,'Iz''s'!$BC$10:$BJ$27,2,FALSE),IF(AND(J7="Alumínio",F7="Trifásico"),VLOOKUP(M7,'Iz''s'!$BC$10:$BJ$27,3,FALSE))))) -> 43 | BH7: =IF(AND(J7="Cobre",F7="Monofásico"),VLOOKUP(M7,'Iz''s'!$AT$10:$BA$28,4,FALSE),IF(AND(J7="Cobre",F7="Trifásico"),VLOOKUP(M7,'Iz''s'!$AT$10:$BA$28,5,FALSE),IF(AND(J7="Alumínio",F7="Monofásico"),VLOOKUP(M7,'Iz''s'!$BC$10:$BJ$27,4,FALSE),IF(AND(J7="Alumínio",F7="Trifásico"),VLOOKUP(M7,'Iz''s'!$BC$10:$BJ$27,5,FALSE))))) -> --- | BI7: =IF(AND(J7="Cobre",F7="Monofásico"),"N/A",IF(AND(J7="Cobre",F7="Trifásico"),VLOOKUP(M7,'Iz''s'!$AT$10:$BA$28,8,FALSE),IF(AND(J7="Alumínio",F7="Monofásico"),"N/A",IF(AND(J7="Alumínio",F7="Trifásico"),VLOOKUP(M7,'Iz''s'!$BC$10:$BJ$27,8,FALSE))))) -> --- | BJ7: =IF(AND(J7="Cobre",F7="Monofásico"),VLOOKUP(M7,'Iz''s'!$G$8:$J$23,2,FALSE),IF(AND(J7="Cobre",F7="Trifásico"),VLOOKUP(M7,'Iz''s'!$Q$8:$T$23,2,FALSE),IF(AND(J7="Alumínio",F7="Monofásico"),VLOOKUP(M7,'Iz''s'!$G$25:$J$39,2,FALSE),IF(AND(J7="Alumínio",F7="Trifásico"),VLOOKUP(M7,'Iz''s'!$Q$25:$T$39,2,FALSE))))) -> 40 | BK7: =IF(AND(J7="Cobre",F7="Monofásico"),VLOOKUP(M7,'Iz''s'!$CJ$9:$CN$24,2,FALSE),IF(AND(J7="Cobre",F7="Trifásico"),VLOOKUP(M7,'Iz''s'!$CJ$9:$CN$24,4,FALSE),IF(AND(J7="Alumínio",F7="Monofásico"),VLOOKUP(M7,'Iz''s'!$CJ$26:$CN$40,2,FALSE),IF(AND(J7="Alumínio",F7="Trifásico"),VLOOKUP(M7,'Iz''s'!$CJ$26:$CN$40,4,FALSE))))) -> 38 | BL7: =IF(AND(J7="Cobre",F7="Monofásico"),VLOOKUP(M7,'Iz''s'!$G$8:$J$23,3,FALSE),IF(AND(J7="Cobre",F7="Trifásico"),VLOOKUP(M7,'Iz''s'!$Q$8:$T$23,3,FALSE),IF(AND(J7="Alumínio",F7="Monofásico"),VLOOKUP(M7,'Iz''s'!$G$25:$J$39,3,FALSE),IF(AND(J7="Alumínio",F7="Trifásico"),VLOOKUP(M7,'Iz''s'!$Q$25:$T$39,3,FALSE))))) -> 48 | BM7: =IF(AND(J7="Cobre",F7="Monofásico"),VLOOKUP(M7,'Iz''s'!$CJ$9:$CN$24,3,FALSE),IF(AND(J7="Cobre",F7="Trifásico"),VLOOKUP(M7,'Iz''s'!$CJ$9:$CN$24,5,FALSE),IF(AND(J7="Alumínio",F7="Monofásico"),VLOOKUP(M7,'Iz''s'!$CJ$26:$CN$40,3,FALSE),IF(AND(J7="Alumínio",F7="Trifásico"),VLOOKUP(M7,'Iz''s'!$CJ$26:$CN$40,5,FALSE))))) -> 44 | BN7: =IF(AND(J7="Cobre",F7="Monofásico"),VLOOKUP(M7,'Iz''s'!$G$8:$J$23,4,FALSE),IF(AND(J7="Cobre",F7="Trifásico"),VLOOKUP(M7,'Iz''s'!$Q$8:$T$23,4,FALSE),IF(AND(J7="Alumínio",F7="Monofásico"),VLOOKUP(M7,'Iz''s'!$G$25:$J$39,4,FALSE),IF(AND(J7="Alumínio",F7="Trifásico"),VLOOKUP(M7,'Iz''s'!$Q$25:$T$39,4,FALSE))))) -> 52 | BO7: =IF(AND(J7="Cobre",F7="Monofásico"),VLOOKUP(M7,'Iz''s'!$CP$9:$CT$24,5,FALSE),IF(AND(J7="Cobre",F7="Trifásico"),VLOOKUP(M7,'Iz''s'!$CP$9:$CT$24,4,FALSE),IF(AND(J7="Alumínio",F7="Monofásico"),VLOOKUP(M7,'Iz''s'!$CP$26:$CT$37,5,FALSE),IF(AND(J7="Alumínio",F7="Trifásico"),VLOOKUP(M7,'Iz''s'!$CP$26:$CT$37,4,FALSE))))) -> 66 | BP7: =IF(AND(J7="Cobre",F7="Monofásico"),VLOOKUP(M7,'Iz''s'!$BL$10:$BS$28,2,FALSE),IF(AND(J7="Cobre",F7="Trifásico"),VLOOKUP(M7,'Iz''s'!$BL$10:$BS$28,3,FALSE),IF(AND(J7="Alumínio",F7="Monofásico"),VLOOKUP(M7,'Iz''s'!$BU$10:$CB$27,2,FALSE),IF(AND(J7="Alumínio",F7="Trifásico"),VLOOKUP(M7,'Iz''s'!$BU$10:$CB$27,3,FALSE))))) -> 54 | BQ7: =IF(AND(J7="Cobre",F7="Monofásico"),VLOOKUP(M7,'Iz''s'!$BL$10:$BS$28,4,FALSE),IF(AND(J7="Cobre",F7="Trifásico"),VLOOKUP(M7,'Iz''s'!$BL$10:$BS$28,5,FALSE),IF(AND(J7="Alumínio",F7="Monofásico"),VLOOKUP(M7,'Iz''s'!$BU$10:$CB$27,4,FALSE),IF(AND(J7="Alumínio",F7="Trifásico"),VLOOKUP(M7,'Iz''s'!$BU$10:$CB$27,5,FALSE))))) -> --- | BR7: =IF(AND(J7="Cobre",F7="Monofásico"),"N/A",IF(AND(J7="Cobre",F7="Trifásico"),VLOOKUP(M7,'Iz''s'!$BL$10:$BS$28,8,FALSE),IF(AND(J7="Alumínio",F7="Monofásico"),"N/A",IF(AND(J7="Alumínio",F7="Trifásico"),VLOOKUP(M7,'Iz''s'!$BU$10:$CB$27,8,FALSE))))) -> --- | BS7: =IF(AND(J7="Cobre",F7="Monofásico"),VLOOKUP(M7,'Iz''s'!$V$14:$Y$28,2,FALSE),IF(AND(J7="Cobre",F7="Trifásico"),VLOOKUP(M7,'Iz''s'!$V$14:$Y$28,3,FALSE),IF(AND(J7="Alumínio",F7="Monofásico"),VLOOKUP(M7,"N/A",4,FALSE),IF(AND(J7="Alumínio",F7="Trifásico"),VLOOKUP(M7,"N/A",4,FALSE))))) -> 48 | BT7: =IF(AND(J7="Cobre",F7="Monofásico"),VLOOKUP(M7,'Iz''s'!$AF$15:$AK$29,2,FALSE),IF(AND(J7="Cobre",F7="Trifásico"),VLOOKUP(M7,'Iz''s'!$AF$15:$AK$29,3,FALSE),IF(AND(J7="Alumínio",F7="Monofásico"),"N/A",IF(AND(J7="Alumínio",F7="Trifásico"),"N/A")))) -> 51 | BU7: =IF(AND(J7="Cobre",F7="Monofásico"),VLOOKUP(M7,'Iz''s'!$AF$15:$AK$29,2,FALSE),IF(AND(J7="Cobre",F7="Trifásico"),VLOOKUP(M7,'Iz''s'!$AF$15:$AK$29,3,FALSE),IF(AND(J7="Alumínio",F7="Monofásico"),"N/A",IF(AND(J7="Alumínio",F7="Trifásico"),"N/A")))) -> 51 | BV7: =IF(AND(J7="Cobre",F7="Monofásico"),"N/A",IF(AND(J7="Cobre",F7="Trifásico"),VLOOKUP(M7,'Iz''s'!$AF$15:$AK$29,6,FALSE),IF(AND(J7="Alumínio",F7="Monofásico"),"N/A",IF(AND(J7="Alumínio",F7="Trifásico"),"N/A")))) -> 71 | BW7: 5 | BY7: =VLOOKUP(M7,Consulta!$W$6:$AB$23,4,FALSE) -> 20 | BZ7: =VLOOKUP(M7,Consulta!$W$6:$AB$23,6,FALSE) -> 25 | CA7: =VLOOKUP(M7,Consulta!$AK$6:$AP$23,4,FALSE) -> 25 | CB7: =VLOOKUP(M7,Consulta!$AK$6:$AP$23,6,FALSE) -> 32 | CC7: =VLOOKUP(M7,Consulta!$AD$6:$AI$19,4,FALSE) -> #N/A | CD7: =VLOOKUP(M7,Consulta!$AD$6:$AI$19,6,FALSE) -> #N/A | CE7: =VLOOKUP(M7,Consulta!$AR$6:$AW$19,4,FALSE) -> #N/A | CF7: =VLOOKUP(M7,Consulta!$AR$6:$AW$19,6,FALSE) -> #N/A
C8: Q.G.B.T. / Q_PS4 | D8: =SUM(D50:D59)+D9 -> 35.164 | E8: =4.8+15.35+2.1+0.5516 -> 22.8016 | F8: Trifásico | G8: Multicondutor | H8: 0.96 | I8: Cabo/Canalizações | J8: Cobre | K8: PVC | L8: 2 | M8: 6 | N8: E | O8: 13 | P8: =IF(K8="PVC",HLOOKUP(N8,$BA$3:$BI$104,BW8,FALSE),IF(OR(K8="XLPE",K8="EPR"),HLOOKUP(N8,$BJ$3:$BR$104,BW8,FALSE),IF(K8="Mineral",HLOOKUP(N8,$BS$3:$BV$104,BW8,FALSE),"N/A")))*L8 -> 86 | Q8: 5 | R8: 0.75 | S8: =IF(F8="Monofásico",(((D8*10^3)/H8)/230),(((D8*10^3)/H8)/(SQRT(3)*400))) -> 52.869648 | T8: =P8*R8 -> 64.5 | U8: Disjuntor | V8: 63 | W8: =IF(U8="C.C.Fusíveis",VLOOKUP(V8,Consulta!$L$5:$N$31,3,FALSE),VLOOKUP(V8,Consulta!$P$5:$R$34,3,FALSE)) -> 85 | X8: =CEILING(1.45*P8,1) -> 125 | Y8: =S8/T8 -> 0.81968447 | Z8: =IF(AND(S8<=V8,V8<=P8,W8<=X8),"Sim","Não") -> Sim | AA8: =$AA$4+SQRT($AB$4^2+$AC$4^2) -> 0.041154827 | AB8: =(IF(J8="Cobre",(1.25*0.0225),(1.25*0.036)))*((E8/M8)/L8) -> 0.05344125 | AC8: =(IF(M8<10,0,(0.00008)))*(E8) -> 0 | AD8: =$AF$4 -> 0.095511647 | AE8: =IF(F8="Trifásico",S8*(AB8*H8+AC8*SIN(ACOS(H8))),2*S8*(AB8*H8+AC8*SIN(ACOS(H8)))) -> 2.7124033 | AF8: =AD8+AE8 -> 2.8079149 | AG8: =AE8/230 -> 0.011793058 | AH8: =AF8/230 -> 0.012208326 | AI8: =IF(F8="Monofásico",(0.23/(SQRT((AB8^2)+(AC8^2))+AA8)),(0.4/(SQRT(3)*(SQRT((AB8^2)+(AC8^2))+AA8)))) -> 2.4413286 | AJ8: 3 | AK8: 0.1 | AL8: =IF(G8="Multicondutor",(IF(AND(J8="Cobre",K8="PVC"),115,IF(AND(J8="Cobre",K8="XLPE"),143,IF(AND(J8="Alumínio",K8="PVC"),76,IF(AND(J8="Alumínio",K8="XLPE"),94))))),(IF(AND(J8="Cobre",K8="PVC"),143,IF(AND(J8="Cobre",K8="XLPE"),176,IF(AND(J8="Alumínio",K8="PVC"),95,IF(AND(J8="Alumínio",K8="XLPE"),116)))))) -> 115 | AM8: =((AI8*1000)*SQRT(AK8))/AL8 -> 6.7131816 | AN8: =L8 -> 2 | AO8: × | AP8: [XV | AQ8: =IF(F8="Monofásico","3G",IF(AND(F8="Trifásico",M8<25),"5G","3×")) -> 5G | AR8: =M8 -> 6 | AS8: =IF(OR(AQ8="3G",AQ8="5G"),"","+2G") | AT8: =IF(OR(AQ8="3G",AQ8="5G"),"",VLOOKUP(AR8,Consulta!$T$5:$U$25,2,FALSE)) | AU8: mm2] | AV8: / | AW8: VD Ø | AX8: =IF(AND(F8="Monofásico",I8="Fio/Canalizações"),BY7,IF(AND(F8="Trifásico",I8="Fio/Canalizações"),BZ7,IF(AND(F8="Monofásico",I8="Cabo/Canalizações"),CA7,IF(AND(F8="Trifásico",I8="Cabo/Canalizações"),CB7,IF(AND(F8="Monofásico",I8="Fio/Colunas&Entradas"),CC7,IF(AND(F8="Trifásico",I8="Fio/Colunas&Entradas"),CD7,IF(AND(F8="Monofásico",I8="Cabo/Colunas&Entradas"),CE7,IF(AND(F8="Trifásico",I8="Cabo/Colunas&Entradas"),CF7)))))))) -> 32 | AY8: mm | BA8: =IF(AND(J8="Cobre",F8="Monofásico"),VLOOKUP(M8,'Iz''s'!$B$8:$E$23,2,FALSE),IF(AND(J8="Cobre",F8="Trifásico"),VLOOKUP(M8,'Iz''s'!$L$8:$O$23,2,FALSE),IF(AND(J8="Alumínio",F8="Monofásico"),VLOOKUP(M8,'Iz''s'!$B$25:$E$39,2,FALSE),IF(AND(J8="Alumínio",F8="Trifásico"),VLOOKUP(M8,'Iz''s'!$L$25:$O$39,2,FALSE))))) -> 31 | BB8: =IF(AND(J8="Cobre",F8="Monofásico"),VLOOKUP(M8,'Iz''s'!$CD$9:$CH$24,2,FALSE),IF(AND(J8="Cobre",F8="Trifásico"),VLOOKUP(M8,'Iz''s'!$CD$9:$CH$24,4,FALSE),IF(AND(J8="Alumínio",F8="Monofásico"),VLOOKUP(M8,'Iz''s'!$CD$26:$CH$40,2,FALSE),IF(AND(J8="Alumínio",F8="Trifásico"),VLOOKUP(M8,'Iz''s'!$CD$26:$CH$40,4,FALSE))))) -> 29 | BC8: =IF(AND(J8="Cobre",F8="Monofásico"),VLOOKUP(M8,'Iz''s'!$B$8:$E$23,3,FALSE),IF(AND(J8="Cobre",F8="Trifásico"),VLOOKUP(M8,'Iz''s'!$L$8:$O$23,3,FALSE),IF(AND(J8="Alumínio",F8="Monofásico"),VLOOKUP(M8,'Iz''s'!$B$25:$E$39,3,FALSE),IF(AND(J8="Alumínio",F8="Trifásico"),VLOOKUP(M8,'Iz''s'!$L$25:$O$39,3,FALSE))))) -> 36 | BD8: =IF(AND(J8="Cobre",F8="Monofásico"),VLOOKUP(M8,'Iz''s'!$CD$9:$CH$24,3,FALSE),IF(AND(J8="Cobre",F8="Trifásico"),VLOOKUP(M8,'Iz''s'!$CD$9:$CH$24,5,FALSE),IF(AND(J8="Alumínio",F8="Monofásico"),VLOOKUP(M8,'Iz''s'!$CD$26:$CH$40,3,FALSE),IF(AND(J8="Alumínio",F8="Trifásico"),VLOOKUP(M8,'Iz''s'!$CD$26:$CH$40,5,FALSE))))) -> 34 | BE8: =IF(AND(J8="Cobre",F8="Monofásico"),VLOOKUP(M8,'Iz''s'!$B$8:$E$23,4,FALSE),IF(AND(J8="Cobre",F8="Trifásico"),VLOOKUP(M8,'Iz''s'!$L$8:$O$23,4,FALSE),IF(AND(J8="Alumínio",F8="Monofásico"),VLOOKUP(M8,'Iz''s'!$B$25:$E$39,4,FALSE),IF(AND(J8="Alumínio",F8="Trifásico"),VLOOKUP(M8,'Iz''s'!$L$25:$O$39,4,FALSE))))) -> 41 | BF8: =IF(AND(J8="Cobre",F8="Monofásico"),VLOOKUP(M8,'Iz''s'!$CP$9:$CT$24,3,FALSE),IF(AND(J8="Cobre",F8="Trifásico"),VLOOKUP(M8,'Iz''s'!$CP$9:$CT$24,2,FALSE),IF(AND(J8="Alumínio",F8="Monofásico"),VLOOKUP(M8,'Iz''s'!$CP$26:$CT$37,3,FALSE),IF(AND(J8="Alumínio",F8="Trifásico"),VLOOKUP(M8,'Iz''s'!$CP$26:$CT$37,2,FALSE))))) -> 56 | BG8: =IF(AND(J8="Cobre",F8="Monofásico"),VLOOKUP(M8,'Iz''s'!$AT$10:$BA$28,2,FALSE),IF(AND(J8="Cobre",F8="Trifásico"),VLOOKUP(M8,'Iz''s'!$AT$10:$BA$28,3,FALSE),IF(AND(J8="Alumínio",F8="Monofásico"),VLOOKUP(M8,'Iz''s'!$BC$10:$BJ$27,2,FALSE),IF(AND(J8="Alumínio",F8="Trifásico"),VLOOKUP(M8,'Iz''s'!$BC$10:$BJ$27,3,FALSE))))) -> 43 | BH8: =IF(AND(J8="Cobre",F8="Monofásico"),VLOOKUP(M8,'Iz''s'!$AT$10:$BA$28,4,FALSE),IF(AND(J8="Cobre",F8="Trifásico"),VLOOKUP(M8,'Iz''s'!$AT$10:$BA$28,5,FALSE),IF(AND(J8="Alumínio",F8="Monofásico"),VLOOKUP(M8,'Iz''s'!$BC$10:$BJ$27,4,FALSE),IF(AND(J8="Alumínio",F8="Trifásico"),VLOOKUP(M8,'Iz''s'!$BC$10:$BJ$27,5,FALSE))))) -> --- | BI8: =IF(AND(J8="Cobre",F8="Monofásico"),"N/A",IF(AND(J8="Cobre",F8="Trifásico"),VLOOKUP(M8,'Iz''s'!$AT$10:$BA$28,8,FALSE),IF(AND(J8="Alumínio",F8="Monofásico"),"N/A",IF(AND(J8="Alumínio",F8="Trifásico"),VLOOKUP(M8,'Iz''s'!$BC$10:$BJ$27,8,FALSE))))) -> --- | BJ8: =IF(AND(J8="Cobre",F8="Monofásico"),VLOOKUP(M8,'Iz''s'!$G$8:$J$23,2,FALSE),IF(AND(J8="Cobre",F8="Trifásico"),VLOOKUP(M8,'Iz''s'!$Q$8:$T$23,2,FALSE),IF(AND(J8="Alumínio",F8="Monofásico"),VLOOKUP(M8,'Iz''s'!$G$25:$J$39,2,FALSE),IF(AND(J8="Alumínio",F8="Trifásico"),VLOOKUP(M8,'Iz''s'!$Q$25:$T$39,2,FALSE))))) -> 40 | BK8: =IF(AND(J8="Cobre",F8="Monofásico"),VLOOKUP(M8,'Iz''s'!$CJ$9:$CN$24,2,FALSE),IF(AND(J8="Cobre",F8="Trifásico"),VLOOKUP(M8,'Iz''s'!$CJ$9:$CN$24,4,FALSE),IF(AND(J8="Alumínio",F8="Monofásico"),VLOOKUP(M8,'Iz''s'!$CJ$26:$CN$40,2,FALSE),IF(AND(J8="Alumínio",F8="Trifásico"),VLOOKUP(M8,'Iz''s'!$CJ$26:$CN$40,4,FALSE))))) -> 38 | BL8: =IF(AND(J8="Cobre",F8="Monofásico"),VLOOKUP(M8,'Iz''s'!$G$8:$J$23,3,FALSE),IF(AND(J8="Cobre",F8="Trifásico"),VLOOKUP(M8,'Iz''s'!$Q$8:$T$23,3,FALSE),IF(AND(J8="Alumínio",F8="Monofásico"),VLOOKUP(M8,'Iz''s'!$G$25:$J$39,3,FALSE),IF(AND(J8="Alumínio",F8="Trifásico"),VLOOKUP(M8,'Iz''s'!$Q$25:$T$39,3,FALSE))))) -> 48 | BM8: =IF(AND(J8="Cobre",F8="Monofásico"),VLOOKUP(M8,'Iz''s'!$CJ$9:$CN$24,3,FALSE),IF(AND(J8="Cobre",F8="Trifásico"),VLOOKUP(M8,'Iz''s'!$CJ$9:$CN$24,5,FALSE),IF(AND(J8="Alumínio",F8="Monofásico"),VLOOKUP(M8,'Iz''s'!$CJ$26:$CN$40,3,FALSE),IF(AND(J8="Alumínio",F8="Trifásico"),VLOOKUP(M8,'Iz''s'!$CJ$26:$CN$40,5,FALSE))))) -> 44 | BN8: =IF(AND(J8="Cobre",F8="Monofásico"),VLOOKUP(M8,'Iz''s'!$G$8:$J$23,4,FALSE),IF(AND(J8="Cobre",F8="Trifásico"),VLOOKUP(M8,'Iz''s'!$Q$8:$T$23,4,FALSE),IF(AND(J8="Alumínio",F8="Monofásico"),VLOOKUP(M8,'Iz''s'!$G$25:$J$39,4,FALSE),IF(AND(J8="Alumínio",F8="Trifásico"),VLOOKUP(M8,'Iz''s'!$Q$25:$T$39,4,FALSE))))) -> 52 | BO8: =IF(AND(J8="Cobre",F8="Monofásico"),VLOOKUP(M8,'Iz''s'!$CP$9:$CT$24,5,FALSE),IF(AND(J8="Cobre",F8="Trifásico"),VLOOKUP(M8,'Iz''s'!$CP$9:$CT$24,4,FALSE),IF(AND(J8="Alumínio",F8="Monofásico"),VLOOKUP(M8,'Iz''s'!$CP$26:$CT$37,5,FALSE),IF(AND(J8="Alumínio",F8="Trifásico"),VLOOKUP(M8,'Iz''s'!$CP$26:$CT$37,4,FALSE))))) -> 66 | BP8: =IF(AND(J8="Cobre",F8="Monofásico"),VLOOKUP(M8,'Iz''s'!$BL$10:$BS$28,2,FALSE),IF(AND(J8="Cobre",F8="Trifásico"),VLOOKUP(M8,'Iz''s'!$BL$10:$BS$28,3,FALSE),IF(AND(J8="Alumínio",F8="Monofásico"),VLOOKUP(M8,'Iz''s'!$BU$10:$CB$27,2,FALSE),IF(AND(J8="Alumínio",F8="Trifásico"),VLOOKUP(M8,'Iz''s'!$BU$10:$CB$27,3,FALSE))))) -> 54 | BQ8: =IF(AND(J8="Cobre",F8="Monofásico"),VLOOKUP(M8,'Iz''s'!$BL$10:$BS$28,4,FALSE),IF(AND(J8="Cobre",F8="Trifásico"),VLOOKUP(M8,'Iz''s'!$BL$10:$BS$28,5,FALSE),IF(AND(J8="Alumínio",F8="Monofásico"),VLOOKUP(M8,'Iz''s'!$BU$10:$CB$27,4,FALSE),IF(AND(J8="Alumínio",F8="Trifásico"),VLOOKUP(M8,'Iz''s'!$BU$10:$CB$27,5,FALSE))))) -> --- | BR8: =IF(AND(J8="Cobre",F8="Monofásico"),"N/A",IF(AND(J8="Cobre",F8="Trifásico"),VLOOKUP(M8,'Iz''s'!$BL$10:$BS$28,8,FALSE),IF(AND(J8="Alumínio",F8="Monofásico"),"N/A",IF(AND(J8="Alumínio",F8="Trifásico"),VLOOKUP(M8,'Iz''s'!$BU$10:$CB$27,8,FALSE))))) -> --- | BS8: =IF(AND(J8="Cobre",F8="Monofásico"),VLOOKUP(M8,'Iz''s'!$V$14:$Y$28,2,FALSE),IF(AND(J8="Cobre",F8="Trifásico"),VLOOKUP(M8,'Iz''s'!$V$14:$Y$28,3,FALSE),IF(AND(J8="Alumínio",F8="Monofásico"),VLOOKUP(M8,"N/A",4,FALSE),IF(AND(J8="Alumínio",F8="Trifásico"),VLOOKUP(M8,"N/A",4,FALSE))))) -> 48 | BT8: =IF(AND(J8="Cobre",F8="Monofásico"),VLOOKUP(M8,'Iz''s'!$AF$15:$AK$29,2,FALSE),IF(AND(J8="Cobre",F8="Trifásico"),VLOOKUP(M8,'Iz''s'!$AF$15:$AK$29,3,FALSE),IF(AND(J8="Alumínio",F8="Monofásico"),"N/A",IF(AND(J8="Alumínio",F8="Trifásico"),"N/A")))) -> 51 | BU8: =IF(AND(J8="Cobre",F8="Monofásico"),VLOOKUP(M8,'Iz''s'!$AF$15:$AK$29,2,FALSE),IF(AND(J8="Cobre",F8="Trifásico"),VLOOKUP(M8,'Iz''s'!$AF$15:$AK$29,3,FALSE),IF(AND(J8="Alumínio",F8="Monofásico"),"N/A",IF(AND(J8="Alumínio",F8="Trifásico"),"N/A")))) -> 51 | BV8: =IF(AND(J8="Cobre",F8="Monofásico"),"N/A",IF(AND(J8="Cobre",F8="Trifásico"),VLOOKUP(M8,'Iz''s'!$AF$15:$AK$29,6,FALSE),IF(AND(J8="Alumínio",F8="Monofásico"),"N/A",IF(AND(J8="Alumínio",F8="Trifásico"),"N/A")))) -> 71 | BW8: 6 | BY8: =VLOOKUP(M8,Consulta!$W$6:$AB$23,4,FALSE) -> 20 | BZ8: =VLOOKUP(M8,Consulta!$W$6:$AB$23,6,FALSE) -> 25 | CA8: =VLOOKUP(M8,Consulta!$AK$6:$AP$23,4,FALSE) -> 25 | CB8: =VLOOKUP(M8,Consulta!$AK$6:$AP$23,6,FALSE) -> 32 | CC8: =VLOOKUP(M8,Consulta!$AD$6:$AI$19,4,FALSE) -> #N/A | CD8: =VLOOKUP(M8,Consulta!$AD$6:$AI$19,6,FALSE) -> #N/A | CE8: =VLOOKUP(M8,Consulta!$AR$6:$AW$19,4,FALSE) -> #N/A | CF8: =VLOOKUP(M8,Consulta!$AR$6:$AW$19,6,FALSE) -> #N/A
C9: Q_PS4. / Q_PS5 | D9: =SUM(D60:D67) -> 18.54 | E9: =3.05+2.1+1.1+7.5+0.2 -> 13.95 | F9: Trifásico | G9: Multicondutor | H9: 0.96 | I9: Cabo/Canalizações | J9: Cobre | K9: PVC | L9: 1 | M9: 6 | N9: B2 | O9: 13 | P9: =IF(K9="PVC",HLOOKUP(N9,$BA$3:$BI$104,BW9,FALSE),IF(OR(K9="XLPE",K9="EPR"),HLOOKUP(N9,$BJ$3:$BR$104,BW9,FALSE),IF(K9="Mineral",HLOOKUP(N9,$BS$3:$BV$104,BW9,FALSE),"N/A")))*L9 -> 34 | Q9: 1 | R9: 1 | S9: =IF(F9="Monofásico",(((D9*10^3)/H9)/230),(((D9*10^3)/H9)/(SQRT(3)*400))) -> 27.875193 | T9: =P9*R9 -> 34 | U9: Disjuntor | V9: 32 | W9: =IF(U9="C.C.Fusíveis",VLOOKUP(V9,Consulta!$L$5:$N$31,3,FALSE),VLOOKUP(V9,Consulta!$P$5:$R$34,3,FALSE)) -> 39 | X9: =CEILING(1.45*P9,1) -> 50 | Y9: =S9/T9 -> 0.81985861 | Z9: =IF(AND(S9<=V9,V9<=P9,W9<=X9),"Sim","Não") -> Sim | AA9: =$AA$8+SQRT($AB$8^2+$AC$8^2) -> 0.094596077 | AB9: =(IF(J9="Cobre",(1.25*0.0225),(1.25*0.036)))*((E9/M9)/L9) -> 0.065390625 | AC9: =(IF(M9<10,0,(0.00008)))*(E9) -> 0 | AD9: =$AF$4 -> 0.095511647 | AE9: =IF(F9="Trifásico",S9*(AB9*H9+AC9*SIN(ACOS(H9))),2*S9*(AB9*H9+AC9*SIN(ACOS(H9)))) -> 1.7498652 | AF9: =AD9+AE9 -> 1.8453769 | AG9: =AE9/230 -> 0.0076081097 | AH9: =AF9/230 -> 0.0080233777 | AI9: =IF(F9="Monofásico",(0.23/(SQRT((AB9^2)+(AC9^2))+AA9)),(0.4/(SQRT(3)*(SQRT((AB9^2)+(AC9^2))+AA9)))) -> 1.4434956 | AJ9: 3 | AK9: 0.1 | AL9: =IF(G9="Multicondutor",(IF(AND(J9="Cobre",K9="PVC"),115,IF(AND(J9="Cobre",K9="XLPE"),143,IF(AND(J9="Alumínio",K9="PVC"),76,IF(AND(J9="Alumínio",K9="XLPE"),94))))),(IF(AND(J9="Cobre",K9="PVC"),143,IF(AND(J9="Cobre",K9="XLPE"),176,IF(AND(J9="Alumínio",K9="PVC"),95,IF(AND(J9="Alumínio",K9="XLPE"),116)))))) -> 115 | AM9: =((AI9*1000)*SQRT(AK9))/AL9 -> 3.9693339 | AN9: =L9 -> 1 | AO9: × | AP9: [XV | AQ9: =IF(F9="Monofásico","3G",IF(AND(F9="Trifásico",M9<25),"5G","3×")) -> 5G | AR9: =M9 -> 6 | AS9: =IF(OR(AQ9="3G",AQ9="5G"),"","+2G") | AT9: =IF(OR(AQ9="3G",AQ9="5G"),"",VLOOKUP(AR9,Consulta!$T$5:$U$25,2,FALSE)) | AU9: mm2] | AV9: / | AW9: VD Ø | AX9: =IF(AND(F9="Monofásico",I9="Fio/Canalizações"),BY8,IF(AND(F9="Trifásico",I9="Fio/Canalizações"),BZ8,IF(AND(F9="Monofásico",I9="Cabo/Canalizações"),CA8,IF(AND(F9="Trifásico",I9="Cabo/Canalizações"),CB8,IF(AND(F9="Monofásico",I9="Fio/Colunas&Entradas"),CC8,IF(AND(F9="Trifásico",I9="Fio/Colunas&Entradas"),CD8,IF(AND(F9="Monofásico",I9="Cabo/Colunas&Entradas"),CE8,IF(AND(F9="Trifásico",I9="Cabo/Colunas&Entradas"),CF8)))))))) -> 32 | AY9: mm | BA9: =IF(AND(J9="Cobre",F9="Monofásico"),VLOOKUP(M9,'Iz''s'!$B$8:$E$23,2,FALSE),IF(AND(J9="Cobre",F9="Trifásico"),VLOOKUP(M9,'Iz''s'!$L$8:$O$23,2,FALSE),IF(AND(J9="Alumínio",F9="Monofásico"),VLOOKUP(M9,'Iz''s'!$B$25:$E$39,2,FALSE),IF(AND(J9="Alumínio",F9="Trifásico"),VLOOKUP(M9,'Iz''s'!$L$25:$O$39,2,FALSE))))) -> 31 | BB9: =IF(AND(J9="Cobre",F9="Monofásico"),VLOOKUP(M9,'Iz''s'!$CD$9:$CH$24,2,FALSE),IF(AND(J9="Cobre",F9="Trifásico"),VLOOKUP(M9,'Iz''s'!$CD$9:$CH$24,4,FALSE),IF(AND(J9="Alumínio",F9="Monofásico"),VLOOKUP(M9,'Iz''s'!$CD$26:$CH$40,2,FALSE),IF(AND(J9="Alumínio",F9="Trifásico"),VLOOKUP(M9,'Iz''s'!$CD$26:$CH$40,4,FALSE))))) -> 29 | BC9: =IF(AND(J9="Cobre",F9="Monofásico"),VLOOKUP(M9,'Iz''s'!$B$8:$E$23,3,FALSE),IF(AND(J9="Cobre",F9="Trifásico"),VLOOKUP(M9,'Iz''s'!$L$8:$O$23,3,FALSE),IF(AND(J9="Alumínio",F9="Monofásico"),VLOOKUP(M9,'Iz''s'!$B$25:$E$39,3,FALSE),IF(AND(J9="Alumínio",F9="Trifásico"),VLOOKUP(M9,'Iz''s'!$L$25:$O$39,3,FALSE))))) -> 36 | BD9: =IF(AND(J9="Cobre",F9="Monofásico"),VLOOKUP(M9,'Iz''s'!$CD$9:$CH$24,3,FALSE),IF(AND(J9="Cobre",F9="Trifásico"),VLOOKUP(M9,'Iz''s'!$CD$9:$CH$24,5,FALSE),IF(AND(J9="Alumínio",F9="Monofásico"),VLOOKUP(M9,'Iz''s'!$CD$26:$CH$40,3,FALSE),IF(AND(J9="Alumínio",F9="Trifásico"),VLOOKUP(M9,'Iz''s'!$CD$26:$CH$40,5,FALSE))))) -> 34 | BE9: =IF(AND(J9="Cobre",F9="Monofásico"),VLOOKUP(M9,'Iz''s'!$B$8:$E$23,4,FALSE),IF(AND(J9="Cobre",F9="Trifásico"),VLOOKUP(M9,'Iz''s'!$L$8:$O$23,4,FALSE),IF(AND(J9="Alumínio",F9="Monofásico"),VLOOKUP(M9,'Iz''s'!$B$25:$E$39,4,FALSE),IF(AND(J9="Alumínio",F9="Trifásico"),VLOOKUP(M9,'Iz''s'!$L$25:$O$39,4,FALSE))))) -> 41 | BF9: =IF(AND(J9="Cobre",F9="Monofásico"),VLOOKUP(M9,'Iz''s'!$CP$9:$CT$24,3,FALSE),IF(AND(J9="Cobre",F9="Trifásico"),VLOOKUP(M9,'Iz''s'!$CP$9:$CT$24,2,FALSE),IF(AND(J9="Alumínio",F9="Monofásico"),VLOOKUP(M9,'Iz''s'!$CP$26:$CT$37,3,FALSE),IF(AND(J9="Alumínio",F9="Trifásico"),VLOOKUP(M9,'Iz''s'!$CP$26:$CT$37,2,FALSE))))) -> 56 | BG9: =IF(AND(J9="Cobre",F9="Monofásico"),VLOOKUP(M9,'Iz''s'!$AT$10:$BA$28,2,FALSE),IF(AND(J9="Cobre",F9="Trifásico"),VLOOKUP(M9,'Iz''s'!$AT$10:$BA$28,3,FALSE),IF(AND(J9="Alumínio",F9="Monofásico"),VLOOKUP(M9,'Iz''s'!$BC$10:$BJ$27,2,FALSE),IF(AND(J9="Alumínio",F9="Trifásico"),VLOOKUP(M9,'Iz''s'!$BC$10:$BJ$27,3,FALSE))))) -> 43 | BH9: =IF(AND(J9="Cobre",F9="Monofásico"),VLOOKUP(M9,'Iz''s'!$AT$10:$BA$28,4,FALSE),IF(AND(J9="Cobre",F9="Trifásico"),VLOOKUP(M9,'Iz''s'!$AT$10:$BA$28,5,FALSE),IF(AND(J9="Alumínio",F9="Monofásico"),VLOOKUP(M9,'Iz''s'!$BC$10:$BJ$27,4,FALSE),IF(AND(J9="Alumínio",F9="Trifásico"),VLOOKUP(M9,'Iz''s'!$BC$10:$BJ$27,5,FALSE))))) -> --- | BI9: =IF(AND(J9="Cobre",F9="Monofásico"),"N/A",IF(AND(J9="Cobre",F9="Trifásico"),VLOOKUP(M9,'Iz''s'!$AT$10:$BA$28,8,FALSE),IF(AND(J9="Alumínio",F9="Monofásico"),"N/A",IF(AND(J9="Alumínio",F9="Trifásico"),VLOOKUP(M9,'Iz''s'!$BC$10:$BJ$27,8,FALSE))))) -> --- | BJ9: =IF(AND(J9="Cobre",F9="Monofásico"),VLOOKUP(M9,'Iz''s'!$G$8:$J$23,2,FALSE),IF(AND(J9="Cobre",F9="Trifásico"),VLOOKUP(M9,'Iz''s'!$Q$8:$T$23,2,FALSE),IF(AND(J9="Alumínio",F9="Monofásico"),VLOOKUP(M9,'Iz''s'!$G$25:$J$39,2,FALSE),IF(AND(J9="Alumínio",F9="Trifásico"),VLOOKUP(M9,'Iz''s'!$Q$25:$T$39,2,FALSE))))) -> 40 | BK9: =IF(AND(J9="Cobre",F9="Monofásico"),VLOOKUP(M9,'Iz''s'!$CJ$9:$CN$24,2,FALSE),IF(AND(J9="Cobre",F9="Trifásico"),VLOOKUP(M9,'Iz''s'!$CJ$9:$CN$24,4,FALSE),IF(AND(J9="Alumínio",F9="Monofásico"),VLOOKUP(M9,'Iz''s'!$CJ$26:$CN$40,2,FALSE),IF(AND(J9="Alumínio",F9="Trifásico"),VLOOKUP(M9,'Iz''s'!$CJ$26:$CN$40,4,FALSE))))) -> 38 | BL9: =IF(AND(J9="Cobre",F9="Monofásico"),VLOOKUP(M9,'Iz''s'!$G$8:$J$23,3,FALSE),IF(AND(J9="Cobre",F9="Trifásico"),VLOOKUP(M9,'Iz''s'!$Q$8:$T$23,3,FALSE),IF(AND(J9="Alumínio",F9="Monofásico"),VLOOKUP(M9,'Iz''s'!$G$25:$J$39,3,FALSE),IF(AND(J9="Alumínio",F9="Trifásico"),VLOOKUP(M9,'Iz''s'!$Q$25:$T$39,3,FALSE))))) -> 48 | BM9: =IF(AND(J9="Cobre",F9="Monofásico"),VLOOKUP(M9,'Iz''s'!$CJ$9:$CN$24,3,FALSE),IF(AND(J9="Cobre",F9="Trifásico"),VLOOKUP(M9,'Iz''s'!$CJ$9:$CN$24,5,FALSE),IF(AND(J9="Alumínio",F9="Monofásico"),VLOOKUP(M9,'Iz''s'!$CJ$26:$CN$40,3,FALSE),IF(AND(J9="Alumínio",F9="Trifásico"),VLOOKUP(M9,'Iz''s'!$CJ$26:$CN$40,5,FALSE))))) -> 44 | BN9: =IF(AND(J9="Cobre",F9="Monofásico"),VLOOKUP(M9,'Iz''s'!$G$8:$J$23,4,FALSE),IF(AND(J9="Cobre",F9="Trifásico"),VLOOKUP(M9,'Iz''s'!$Q$8:$T$23,4,FALSE),IF(AND(J9="Alumínio",F9="Monofásico"),VLOOKUP(M9,'Iz''s'!$G$25:$J$39,4,FALSE),IF(AND(J9="Alumínio",F9="Trifásico"),VLOOKUP(M9,'Iz''s'!$Q$25:$T$39,4,FALSE))))) -> 52 | BO9: =IF(AND(J9="Cobre",F9="Monofásico"),VLOOKUP(M9,'Iz''s'!$CP$9:$CT$24,5,FALSE),IF(AND(J9="Cobre",F9="Trifásico"),VLOOKUP(M9,'Iz''s'!$CP$9:$CT$24,4,FALSE),IF(AND(J9="Alumínio",F9="Monofásico"),VLOOKUP(M9,'Iz''s'!$CP$26:$CT$37,5,FALSE),IF(AND(J9="Alumínio",F9="Trifásico"),VLOOKUP(M9,'Iz''s'!$CP$26:$CT$37,4,FALSE))))) -> 66 | BP9: =IF(AND(J9="Cobre",F9="Monofásico"),VLOOKUP(M9,'Iz''s'!$BL$10:$BS$28,2,FALSE),IF(AND(J9="Cobre",F9="Trifásico"),VLOOKUP(M9,'Iz''s'!$BL$10:$BS$28,3,FALSE),IF(AND(J9="Alumínio",F9="Monofásico"),VLOOKUP(M9,'Iz''s'!$BU$10:$CB$27,2,FALSE),IF(AND(J9="Alumínio",F9="Trifásico"),VLOOKUP(M9,'Iz''s'!$BU$10:$CB$27,3,FALSE))))) -> 54 | BQ9: =IF(AND(J9="Cobre",F9="Monofásico"),VLOOKUP(M9,'Iz''s'!$BL$10:$BS$28,4,FALSE),IF(AND(J9="Cobre",F9="Trifásico"),VLOOKUP(M9,'Iz''s'!$BL$10:$BS$28,5,FALSE),IF(AND(J9="Alumínio",F9="Monofásico"),VLOOKUP(M9,'Iz''s'!$BU$10:$CB$27,4,FALSE),IF(AND(J9="Alumínio",F9="Trifásico"),VLOOKUP(M9,'Iz''s'!$BU$10:$CB$27,5,FALSE))))) -> --- | BR9: =IF(AND(J9="Cobre",F9="Monofásico"),"N/A",IF(AND(J9="Cobre",F9="Trifásico"),VLOOKUP(M9,'Iz''s'!$BL$10:$BS$28,8,FALSE),IF(AND(J9="Alumínio",F9="Monofásico"),"N/A",IF(AND(J9="Alumínio",F9="Trifásico"),VLOOKUP(M9,'Iz''s'!$BU$10:$CB$27,8,FALSE))))) -> --- | BS9: =IF(AND(J9="Cobre",F9="Monofásico"),VLOOKUP(M9,'Iz''s'!$V$14:$Y$28,2,FALSE),IF(AND(J9="Cobre",F9="Trifásico"),VLOOKUP(M9,'Iz''s'!$V$14:$Y$28,3,FALSE),IF(AND(J9="Alumínio",F9="Monofásico"),VLOOKUP(M9,"N/A",4,FALSE),IF(AND(J9="Alumínio",F9="Trifásico"),VLOOKUP(M9,"N/A",4,FALSE))))) -> 48 | BT9: =IF(AND(J9="Cobre",F9="Monofásico"),VLOOKUP(M9,'Iz''s'!$AF$15:$AK$29,2,FALSE),IF(AND(J9="Cobre",F9="Trifásico"),VLOOKUP(M9,'Iz''s'!$AF$15:$AK$29,3,FALSE),IF(AND(J9="Alumínio",F9="Monofásico"),"N/A",IF(AND(J9="Alumínio",F9="Trifásico"),"N/A")))) -> 51 | BU9: =IF(AND(J9="Cobre",F9="Monofásico"),VLOOKUP(M9,'Iz''s'!$AF$15:$AK$29,2,FALSE),IF(AND(J9="Cobre",F9="Trifásico"),VLOOKUP(M9,'Iz''s'!$AF$15:$AK$29,3,FALSE),IF(AND(J9="Alumínio",F9="Monofásico"),"N/A",IF(AND(J9="Alumínio",F9="Trifásico"),"N/A")))) -> 51 | BV9: =IF(AND(J9="Cobre",F9="Monofásico"),"N/A",IF(AND(J9="Cobre",F9="Trifásico"),VLOOKUP(M9,'Iz''s'!$AF$15:$AK$29,6,FALSE),IF(AND(J9="Alumínio",F9="Monofásico"),"N/A",IF(AND(J9="Alumínio",F9="Trifásico"),"N/A")))) -> 71 | BW9: 7 | BY9: =VLOOKUP(M9,Consulta!$W$6:$AB$23,4,FALSE) -> 20 | BZ9: =VLOOKUP(M9,Consulta!$W$6:$AB$23,6,FALSE) -> 25 | CA9: =VLOOKUP(M9,Consulta!$AK$6:$AP$23,4,FALSE) -> 25 | CB9: =VLOOKUP(M9,Consulta!$AK$6:$AP$23,6,FALSE) -> 32 | CC9: =VLOOKUP(M9,Consulta!$AD$6:$AI$19,4,FALSE) -> #N/A | CD9: =VLOOKUP(M9,Consulta!$AD$6:$AI$19,6,FALSE) -> #N/A | CE9: =VLOOKUP(M9,Consulta!$AR$6:$AW$19,4,FALSE) -> #N/A | CF9: =VLOOKUP(M9,Consulta!$AR$6:$AW$19,6,FALSE) -> #N/A
C10: Q.G.B.T. / Q_PS6 | D10: =SUM(D68:D71) -> 28.58 | E10: =0.344+5.8+0.3+15.35+2.1+30.35+10+9.21+5.75+4.47 -> 83.674 | F10: Trifásico | G10: Multicondutor | H10: 0.96 | I10: Cabo/Canalizações | J10: Cobre | K10: PVC | L10: 2 | M10: 4 | N10: E | O10: 13 | P10: =IF(K10="PVC",HLOOKUP(N10,$BA$3:$BI$104,BW10,FALSE),IF(OR(K10="XLPE",K10="EPR"),HLOOKUP(N10,$BJ$3:$BR$104,BW10,FALSE),IF(K10="Mineral",HLOOKUP(N10,$BS$3:$BV$104,BW10,FALSE),"N/A")))*L10 -> 68 | Q10: 5 | R10: 0.75 | S10: =IF(F10="Monofásico",(((D10*10^3)/H10)/230),(((D10*10^3)/H10)/(SQRT(3)*400))) -> 42.970497 | T10: =P10*R10 -> 51 | U10: Disjuntor | V10: 50 | W10: =IF(U10="C.C.Fusíveis",VLOOKUP(V10,Consulta!$L$5:$N$31,3,FALSE),VLOOKUP(V10,Consulta!$P$5:$R$34,3,FALSE)) -> 68 | X10: =CEILING(1.45*P10,1) -> 99 | Y10: =S10/T10 -> 0.84255876 | Z10: =IF(AND(S10<=V10,V10<=P10,W10<=X10),"Sim","Não") -> Sim | AA10: =$AA$4+SQRT($AB$4^2+$AC$4^2) -> 0.041154827 | AB10: =(IF(J10="Cobre",(1.25*0.0225),(1.25*0.036)))*((E10/M10)/L10) -> 0.29416641 | AC10: =(IF(M10<10,0,(0.00008)))*(E10) -> 0 | AD10: =$AF$4 -> 0.095511647 | AE10: =IF(F10="Trifásico",S10*(AB10*H10+AC10*SIN(ACOS(H10))),2*S10*(AB10*H10+AC10*SIN(ACOS(H10)))) -> 12.134857 | AF10: =AD10+AE10 -> 12.230369 | AG10: =AE10/230 -> 0.05276025 | AH10: =AF10/230 -> 0.053175518 | AI10: =IF(F10="Monofásico",(0.23/(SQRT((AB10^2)+(AC10^2))+AA10)),(0.4/(SQRT(3)*(SQRT((AB10^2)+(AC10^2))+AA10)))) -> 0.68871305 | AJ10: 3 | AK10: 0.1 | AL10: =IF(G10="Multicondutor",(IF(AND(J10="Cobre",K10="PVC"),115,IF(AND(J10="Cobre",K10="XLPE"),143,IF(AND(J10="Alumínio",K10="PVC"),76,IF(AND(J10="Alumínio",K10="XLPE"),94))))),(IF(AND(J10="Cobre",K10="PVC"),143,IF(AND(J10="Cobre",K10="XLPE"),176,IF(AND(J10="Alumínio",K10="PVC"),95,IF(AND(J10="Alumínio",K10="XLPE"),116)))))) -> 115 | AM10: =((AI10*1000)*SQRT(AK10))/AL10 -> 1.8938277 | AN10: =L10 -> 2 | AO10: × | AP10: [XV | AQ10: =IF(F10="Monofásico","3G",IF(AND(F10="Trifásico",M10<25),"5G","3×")) -> 5G | AR10: =M10 -> 4 | AS10: =IF(OR(AQ10="3G",AQ10="5G"),"","+2G") | AT10: =IF(OR(AQ10="3G",AQ10="5G"),"",VLOOKUP(AR10,Consulta!$T$5:$U$25,2,FALSE)) | AU10: mm2] | AV10: / | AW10: VD Ø | AX10: =IF(AND(F10="Monofásico",I10="Fio/Canalizações"),BY9,IF(AND(F10="Trifásico",I10="Fio/Canalizações"),BZ9,IF(AND(F10="Monofásico",I10="Cabo/Canalizações"),CA9,IF(AND(F10="Trifásico",I10="Cabo/Canalizações"),CB9,IF(AND(F10="Monofásico",I10="Fio/Colunas&Entradas"),CC9,IF(AND(F10="Trifásico",I10="Fio/Colunas&Entradas"),CD9,IF(AND(F10="Monofásico",I10="Cabo/Colunas&Entradas"),CE9,IF(AND(F10="Trifásico",I10="Cabo/Colunas&Entradas"),CF9)))))))) -> 32 | AY10: mm | BA10: =IF(AND(J10="Cobre",F10="Monofásico"),VLOOKUP(M10,'Iz''s'!$B$8:$E$23,2,FALSE),IF(AND(J10="Cobre",F10="Trifásico"),VLOOKUP(M10,'Iz''s'!$L$8:$O$23,2,FALSE),IF(AND(J10="Alumínio",F10="Monofásico"),VLOOKUP(M10,'Iz''s'!$B$25:$E$39,2,FALSE),IF(AND(J10="Alumínio",F10="Trifásico"),VLOOKUP(M10,'Iz''s'!$L$25:$O$39,2,FALSE))))) -> 24 | BB10: =IF(AND(J10="Cobre",F10="Monofásico"),VLOOKUP(M10,'Iz''s'!$CD$9:$CH$24,2,FALSE),IF(AND(J10="Cobre",F10="Trifásico"),VLOOKUP(M10,'Iz''s'!$CD$9:$CH$24,4,FALSE),IF(AND(J10="Alumínio",F10="Monofásico"),VLOOKUP(M10,'Iz''s'!$CD$26:$CH$40,2,FALSE),IF(AND(J10="Alumínio",F10="Trifásico"),VLOOKUP(M10,'Iz''s'!$CD$26:$CH$40,4,FALSE))))) -> 23 | BC10: =IF(AND(J10="Cobre",F10="Monofásico"),VLOOKUP(M10,'Iz''s'!$B$8:$E$23,3,FALSE),IF(AND(J10="Cobre",F10="Trifásico"),VLOOKUP(M10,'Iz''s'!$L$8:$O$23,3,FALSE),IF(AND(J10="Alumínio",F10="Monofásico"),VLOOKUP(M10,'Iz''s'!$B$25:$E$39,3,FALSE),IF(AND(J10="Alumínio",F10="Trifásico"),VLOOKUP(M10,'Iz''s'!$L$25:$O$39,3,FALSE))))) -> 28 | BD10: =IF(AND(J10="Cobre",F10="Monofásico"),VLOOKUP(M10,'Iz''s'!$CD$9:$CH$24,3,FALSE),IF(AND(J10="Cobre",F10="Trifásico"),VLOOKUP(M10,'Iz''s'!$CD$9:$CH$24,5,FALSE),IF(AND(J10="Alumínio",F10="Monofásico"),VLOOKUP(M10,'Iz''s'!$CD$26:$CH$40,3,FALSE),IF(AND(J10="Alumínio",F10="Trifásico"),VLOOKUP(M10,'Iz''s'!$CD$26:$CH$40,5,FALSE))))) -> 27 | BE10: =IF(AND(J10="Cobre",F10="Monofásico"),VLOOKUP(M10,'Iz''s'!$B$8:$E$23,4,FALSE),IF(AND(J10="Cobre",F10="Trifásico"),VLOOKUP(M10,'Iz''s'!$L$8:$O$23,4,FALSE),IF(AND(J10="Alumínio",F10="Monofásico"),VLOOKUP(M10,'Iz''s'!$B$25:$E$39,4,FALSE),IF(AND(J10="Alumínio",F10="Trifásico"),VLOOKUP(M10,'Iz''s'!$L$25:$O$39,4,FALSE))))) -> 32 | BF10: =IF(AND(J10="Cobre",F10="Monofásico"),VLOOKUP(M10,'Iz''s'!$CP$9:$CT$24,3,FALSE),IF(AND(J10="Cobre",F10="Trifásico"),VLOOKUP(M10,'Iz''s'!$CP$9:$CT$24,2,FALSE),IF(AND(J10="Alumínio",F10="Monofásico"),VLOOKUP(M10,'Iz''s'!$CP$26:$CT$37,3,FALSE),IF(AND(J10="Alumínio",F10="Trifásico"),VLOOKUP(M10,'Iz''s'!$CP$26:$CT$37,2,FALSE))))) -> 44 | BG10: =IF(AND(J10="Cobre",F10="Monofásico"),VLOOKUP(M10,'Iz''s'!$AT$10:$BA$28,2,FALSE),IF(AND(J10="Cobre",F10="Trifásico"),VLOOKUP(M10,'Iz''s'!$AT$10:$BA$28,3,FALSE),IF(AND(J10="Alumínio",F10="Monofásico"),VLOOKUP(M10,'Iz''s'!$BC$10:$BJ$27,2,FALSE),IF(AND(J10="Alumínio",F10="Trifásico"),VLOOKUP(M10,'Iz''s'!$BC$10:$BJ$27,3,FALSE))))) -> 34 | BH10: =IF(AND(J10="Cobre",F10="Monofásico"),VLOOKUP(M10,'Iz''s'!$AT$10:$BA$28,4,FALSE),IF(AND(J10="Cobre",F10="Trifásico"),VLOOKUP(M10,'Iz''s'!$AT$10:$BA$28,5,FALSE),IF(AND(J10="Alumínio",F10="Monofásico"),VLOOKUP(M10,'Iz''s'!$BC$10:$BJ$27,4,FALSE),IF(AND(J10="Alumínio",F10="Trifásico"),VLOOKUP(M10,'Iz''s'!$BC$10:$BJ$27,5,FALSE))))) -> --- | BI10: =IF(AND(J10="Cobre",F10="Monofásico"),"N/A",IF(AND(J10="Cobre",F10="Trifásico"),VLOOKUP(M10,'Iz''s'!$AT$10:$BA$28,8,FALSE),IF(AND(J10="Alumínio",F10="Monofásico"),"N/A",IF(AND(J10="Alumínio",F10="Trifásico"),VLOOKUP(M10,'Iz''s'!$BC$10:$BJ$27,8,FALSE))))) -> --- | BJ10: =IF(AND(J10="Cobre",F10="Monofásico"),VLOOKUP(M10,'Iz''s'!$G$8:$J$23,2,FALSE),IF(AND(J10="Cobre",F10="Trifásico"),VLOOKUP(M10,'Iz''s'!$Q$8:$T$23,2,FALSE),IF(AND(J10="Alumínio",F10="Monofásico"),VLOOKUP(M10,'Iz''s'!$G$25:$J$39,2,FALSE),IF(AND(J10="Alumínio",F10="Trifásico"),VLOOKUP(M10,'Iz''s'!$Q$25:$T$39,2,FALSE))))) -> 31 | BK10: =IF(AND(J10="Cobre",F10="Monofásico"),VLOOKUP(M10,'Iz''s'!$CJ$9:$CN$24,2,FALSE),IF(AND(J10="Cobre",F10="Trifásico"),VLOOKUP(M10,'Iz''s'!$CJ$9:$CN$24,4,FALSE),IF(AND(J10="Alumínio",F10="Monofásico"),VLOOKUP(M10,'Iz''s'!$CJ$26:$CN$40,2,FALSE),IF(AND(J10="Alumínio",F10="Trifásico"),VLOOKUP(M10,'Iz''s'!$CJ$26:$CN$40,4,FALSE))))) -> 30 | BL10: =IF(AND(J10="Cobre",F10="Monofásico"),VLOOKUP(M10,'Iz''s'!$G$8:$J$23,3,FALSE),IF(AND(J10="Cobre",F10="Trifásico"),VLOOKUP(M10,'Iz''s'!$Q$8:$T$23,3,FALSE),IF(AND(J10="Alumínio",F10="Monofásico"),VLOOKUP(M10,'Iz''s'!$G$25:$J$39,3,FALSE),IF(AND(J10="Alumínio",F10="Trifásico"),VLOOKUP(M10,'Iz''s'!$Q$25:$T$39,3,FALSE))))) -> 37 | BM10: =IF(AND(J10="Cobre",F10="Monofásico"),VLOOKUP(M10,'Iz''s'!$CJ$9:$CN$24,3,FALSE),IF(AND(J10="Cobre",F10="Trifásico"),VLOOKUP(M10,'Iz''s'!$CJ$9:$CN$24,5,FALSE),IF(AND(J10="Alumínio",F10="Monofásico"),VLOOKUP(M10,'Iz''s'!$CJ$26:$CN$40,3,FALSE),IF(AND(J10="Alumínio",F10="Trifásico"),VLOOKUP(M10,'Iz''s'!$CJ$26:$CN$40,5,FALSE))))) -> 35 | BN10: =IF(AND(J10="Cobre",F10="Monofásico"),VLOOKUP(M10,'Iz''s'!$G$8:$J$23,4,FALSE),IF(AND(J10="Cobre",F10="Trifásico"),VLOOKUP(M10,'Iz''s'!$Q$8:$T$23,4,FALSE),IF(AND(J10="Alumínio",F10="Monofásico"),VLOOKUP(M10,'Iz''s'!$G$25:$J$39,4,FALSE),IF(AND(J10="Alumínio",F10="Trifásico"),VLOOKUP(M10,'Iz''s'!$Q$25:$T$39,4,FALSE))))) -> 40 | BO10: =IF(AND(J10="Cobre",F10="Monofásico"),VLOOKUP(M10,'Iz''s'!$CP$9:$CT$24,5,FALSE),IF(AND(J10="Cobre",F10="Trifásico"),VLOOKUP(M10,'Iz''s'!$CP$9:$CT$24,4,FALSE),IF(AND(J10="Alumínio",F10="Monofásico"),VLOOKUP(M10,'Iz''s'!$CP$26:$CT$37,5,FALSE),IF(AND(J10="Alumínio",F10="Trifásico"),VLOOKUP(M10,'Iz''s'!$CP$26:$CT$37,4,FALSE))))) -> 53 | BP10: =IF(AND(J10="Cobre",F10="Monofásico"),VLOOKUP(M10,'Iz''s'!$BL$10:$BS$28,2,FALSE),IF(AND(J10="Cobre",F10="Trifásico"),VLOOKUP(M10,'Iz''s'!$BL$10:$BS$28,3,FALSE),IF(AND(J10="Alumínio",F10="Monofásico"),VLOOKUP(M10,'Iz''s'!$BU$10:$CB$27,2,FALSE),IF(AND(J10="Alumínio",F10="Trifásico"),VLOOKUP(M10,'Iz''s'!$BU$10:$CB$27,3,FALSE))))) -> 42 | BQ10: =IF(AND(J10="Cobre",F10="Monofásico"),VLOOKUP(M10,'Iz''s'!$BL$10:$BS$28,4,FALSE),IF(AND(J10="Cobre",F10="Trifásico"),VLOOKUP(M10,'Iz''s'!$BL$10:$BS$28,5,FALSE),IF(AND(J10="Alumínio",F10="Monofásico"),VLOOKUP(M10,'Iz''s'!$BU$10:$CB$27,4,FALSE),IF(AND(J10="Alumínio",F10="Trifásico"),VLOOKUP(M10,'Iz''s'!$BU$10:$CB$27,5,FALSE))))) -> --- | BR10: =IF(AND(J10="Cobre",F10="Monofásico"),"N/A",IF(AND(J10="Cobre",F10="Trifásico"),VLOOKUP(M10,'Iz''s'!$BL$10:$BS$28,8,FALSE),IF(AND(J10="Alumínio",F10="Monofásico"),"N/A",IF(AND(J10="Alumínio",F10="Trifásico"),VLOOKUP(M10,'Iz''s'!$BU$10:$CB$27,8,FALSE))))) -> --- | BS10: =IF(AND(J10="Cobre",F10="Monofásico"),VLOOKUP(M10,'Iz''s'!$V$14:$Y$28,2,FALSE),IF(AND(J10="Cobre",F10="Trifásico"),VLOOKUP(M10,'Iz''s'!$V$14:$Y$28,3,FALSE),IF(AND(J10="Alumínio",F10="Monofásico"),VLOOKUP(M10,"N/A",4,FALSE),IF(AND(J10="Alumínio",F10="Trifásico"),VLOOKUP(M10,"N/A",4,FALSE))))) -> 37 | BT10: =IF(AND(J10="Cobre",F10="Monofásico"),VLOOKUP(M10,'Iz''s'!$AF$15:$AK$29,2,FALSE),IF(AND(J10="Cobre",F10="Trifásico"),VLOOKUP(M10,'Iz''s'!$AF$15:$AK$29,3,FALSE),IF(AND(J10="Alumínio",F10="Monofásico"),"N/A",IF(AND(J10="Alumínio",F10="Trifásico"),"N/A")))) -> 40 | BU10: =IF(AND(J10="Cobre",F10="Monofásico"),VLOOKUP(M10,'Iz''s'!$AF$15:$AK$29,2,FALSE),IF(AND(J10="Cobre",F10="Trifásico"),VLOOKUP(M10,'Iz''s'!$AF$15:$AK$29,3,FALSE),IF(AND(J10="Alumínio",F10="Monofásico"),"N/A",IF(AND(J10="Alumínio",F10="Trifásico"),"N/A")))) -> 40 | BV10: =IF(AND(J10="Cobre",F10="Monofásico"),"N/A",IF(AND(J10="Cobre",F10="Trifásico"),VLOOKUP(M10,'Iz''s'!$AF$15:$AK$29,6,FALSE),IF(AND(J10="Alumínio",F10="Monofásico"),"N/A",IF(AND(J10="Alumínio",F10="Trifásico"),"N/A")))) -> 56 | BW10: 8 | BY10: =VLOOKUP(M10,Consulta!$W$6:$AB$23,4,FALSE) -> 20 | BZ10: =VLOOKUP(M10,Consulta!$W$6:$AB$23,6,FALSE) -> 25 | CA10: =VLOOKUP(M10,Consulta!$AK$6:$AP$23,4,FALSE) -> 25 | CB10: =VLOOKUP(M10,Consulta!$AK$6:$AP$23,6,FALSE) -> 25 | CC10: =VLOOKUP(M10,Consulta!$AD$6:$AI$19,4,FALSE) -> #N/A | CD10: =VLOOKUP(M10,Consulta!$AD$6:$AI$19,6,FALSE) -> #N/A | CE10: =VLOOKUP(M10,Consulta!$AR$6:$AW$19,4,FALSE) -> #N/A | CF10: =VLOOKUP(M10,Consulta!$AR$6:$AW$19,6,FALSE) -> #N/A
C11: Q.G.B.T. / Q_PS1.1 | D11: =SUM(D72:D104) -> 52.136 | E11: =4.8+15.35+2.1+0.5516+2.8 -> 25.6016 | F11: Trifásico | G11: Multicondutor | H11: 0.96 | I11: Cabo/Canalizações | J11: Cobre | K11: PVC | L11: 3 | M11: 10 | N11: E | O11: 13 | P11: =IF(K11="PVC",HLOOKUP(N11,$BA$3:$BI$104,BW11,FALSE),IF(OR(K11="XLPE",K11="EPR"),HLOOKUP(N11,$BJ$3:$BR$104,BW11,FALSE),IF(K11="Mineral",HLOOKUP(N11,$BS$3:$BV$104,BW11,FALSE),"N/A")))*L11 -> 180 | Q11: 5 | R11: 0.75 | S11: =IF(F11="Monofásico",(((D11*10^3)/H11)/230),(((D11*10^3)/H11)/(SQRT(3)*400))) -> 78.387327 | T11: =P11*R11 -> 135 | U11: Disjuntor | V11: 125 | W11: =IF(U11="C.C.Fusíveis",VLOOKUP(V11,Consulta!$L$5:$N$31,3,FALSE),VLOOKUP(V11,Consulta!$P$5:$R$34,3,FALSE)) -> 169 | X11: =CEILING(1.45*P11,1) -> 261 | Y11: =S11/T11 -> 0.58064687 | Z11: =IF(AND(S11<=V11,V11<=P11,W11<=X11),"Sim","Não") -> Sim | AA11: =$AA$4+SQRT($AB$4^2+$AC$4^2) -> 0.041154827 | AB11: =(IF(J11="Cobre",(1.25*0.0225),(1.25*0.036)))*((E11/M11)/L11) -> 0.0240015 | AC11: =(IF(M11<10,0,(0.00008)))*(E11) -> 0.002048128 | AD11: =$AF$4 -> 0.095511647 | AE11: =IF(F11="Trifásico",S11*(AB11*H11+AC11*SIN(ACOS(H11))),2*S11*(AB11*H11+AC11*SIN(ACOS(H11)))) -> 1.8511101 | AF11: =AD11+AE11 -> 1.9466218 | AG11: =AE11/230 -> 0.0080483049 | AH11: =AF11/230 -> 0.008463573 | AI11: =IF(F11="Monofásico",(0.23/(SQRT((AB11^2)+(AC11^2))+AA11)),(0.4/(SQRT(3)*(SQRT((AB11^2)+(AC11^2))+AA11)))) -> 3.5396616 | AJ11: 6 | AK11: 0.1 | AL11: =IF(G11="Multicondutor",(IF(AND(J11="Cobre",K11="PVC"),115,IF(AND(J11="Cobre",K11="XLPE"),143,IF(AND(J11="Alumínio",K11="PVC"),76,IF(AND(J11="Alumínio",K11="XLPE"),94))))),(IF(AND(J11="Cobre",K11="PVC"),143,IF(AND(J11="Cobre",K11="XLPE"),176,IF(AND(J11="Alumínio",K11="PVC"),95,IF(AND(J11="Alumínio",K11="XLPE"),116)))))) -> 115 | AM11: =((AI11*1000)*SQRT(AK11))/AL11 -> 9.733385 | AN11: =L11 -> 3 | AO11: × | AP11: [XV | AQ11: =IF(F11="Monofásico","3G",IF(AND(F11="Trifásico",M11<25),"5G","3×")) -> 5G | AR11: =M11 -> 10 | AS11: =IF(OR(AQ11="3G",AQ11="5G"),"","+2G") | AT11: =IF(OR(AQ11="3G",AQ11="5G"),"",VLOOKUP(AR11,Consulta!$T$5:$U$25,2,FALSE)) | AU11: mm2] | AV11: / | AW11: VD Ø | AX11: =IF(AND(F11="Monofásico",I11="Fio/Canalizações"),BY10,IF(AND(F11="Trifásico",I11="Fio/Canalizações"),BZ10,IF(AND(F11="Monofásico",I11="Cabo/Canalizações"),CA10,IF(AND(F11="Trifásico",I11="Cabo/Canalizações"),CB10,IF(AND(F11="Monofásico",I11="Fio/Colunas&Entradas"),CC10,IF(AND(F11="Trifásico",I11="Fio/Colunas&Entradas"),CD10,IF(AND(F11="Monofásico",I11="Cabo/Colunas&Entradas"),CE10,IF(AND(F11="Trifásico",I11="Cabo/Colunas&Entradas"),CF10)))))))) -> 25 | AY11: mm | BA11: =IF(AND(J11="Cobre",F11="Monofásico"),VLOOKUP(M11,'Iz''s'!$B$8:$E$23,2,FALSE),IF(AND(J11="Cobre",F11="Trifásico"),VLOOKUP(M11,'Iz''s'!$L$8:$O$23,2,FALSE),IF(AND(J11="Alumínio",F11="Monofásico"),VLOOKUP(M11,'Iz''s'!$B$25:$E$39,2,FALSE),IF(AND(J11="Alumínio",F11="Trifásico"),VLOOKUP(M11,'Iz''s'!$L$25:$O$39,2,FALSE))))) -> 42 | BB11: =IF(AND(J11="Cobre",F11="Monofásico"),VLOOKUP(M11,'Iz''s'!$CD$9:$CH$24,2,FALSE),IF(AND(J11="Cobre",F11="Trifásico"),VLOOKUP(M11,'Iz''s'!$CD$9:$CH$24,4,FALSE),IF(AND(J11="Alumínio",F11="Monofásico"),VLOOKUP(M11,'Iz''s'!$CD$26:$CH$40,2,FALSE),IF(AND(J11="Alumínio",F11="Trifásico"),VLOOKUP(M11,'Iz''s'!$CD$26:$CH$40,4,FALSE))))) -> 39 | BC11: =IF(AND(J11="Cobre",F11="Monofásico"),VLOOKUP(M11,'Iz''s'!$B$8:$E$23,3,FALSE),IF(AND(J11="Cobre",F11="Trifásico"),VLOOKUP(M11,'Iz''s'!$L$8:$O$23,3,FALSE),IF(AND(J11="Alumínio",F11="Monofásico"),VLOOKUP(M11,'Iz''s'!$B$25:$E$39,3,FALSE),IF(AND(J11="Alumínio",F11="Trifásico"),VLOOKUP(M11,'Iz''s'!$L$25:$O$39,3,FALSE))))) -> 50 | BD11: =IF(AND(J11="Cobre",F11="Monofásico"),VLOOKUP(M11,'Iz''s'!$CD$9:$CH$24,3,FALSE),IF(AND(J11="Cobre",F11="Trifásico"),VLOOKUP(M11,'Iz''s'!$CD$9:$CH$24,5,FALSE),IF(AND(J11="Alumínio",F11="Monofásico"),VLOOKUP(M11,'Iz''s'!$CD$26:$CH$40,3,FALSE),IF(AND(J11="Alumínio",F11="Trifásico"),VLOOKUP(M11,'Iz''s'!$CD$26:$CH$40,5,FALSE))))) -> 46 | BE11: =IF(AND(J11="Cobre",F11="Monofásico"),VLOOKUP(M11,'Iz''s'!$B$8:$E$23,4,FALSE),IF(AND(J11="Cobre",F11="Trifásico"),VLOOKUP(M11,'Iz''s'!$L$8:$O$23,4,FALSE),IF(AND(J11="Alumínio",F11="Monofásico"),VLOOKUP(M11,'Iz''s'!$B$25:$E$39,4,FALSE),IF(AND(J11="Alumínio",F11="Trifásico"),VLOOKUP(M11,'Iz''s'!$L$25:$O$39,4,FALSE))))) -> 57 | BF11: =IF(AND(J11="Cobre",F11="Monofásico"),VLOOKUP(M11,'Iz''s'!$CP$9:$CT$24,3,FALSE),IF(AND(J11="Cobre",F11="Trifásico"),VLOOKUP(M11,'Iz''s'!$CP$9:$CT$24,2,FALSE),IF(AND(J11="Alumínio",F11="Monofásico"),VLOOKUP(M11,'Iz''s'!$CP$26:$CT$37,3,FALSE),IF(AND(J11="Alumínio",F11="Trifásico"),VLOOKUP(M11,'Iz''s'!$CP$26:$CT$37,2,FALSE))))) -> 74 | BG11: =IF(AND(J11="Cobre",F11="Monofásico"),VLOOKUP(M11,'Iz''s'!$AT$10:$BA$28,2,FALSE),IF(AND(J11="Cobre",F11="Trifásico"),VLOOKUP(M11,'Iz''s'!$AT$10:$BA$28,3,FALSE),IF(AND(J11="Alumínio",F11="Monofásico"),VLOOKUP(M11,'Iz''s'!$BC$10:$BJ$27,2,FALSE),IF(AND(J11="Alumínio",F11="Trifásico"),VLOOKUP(M11,'Iz''s'!$BC$10:$BJ$27,3,FALSE))))) -> 60 | BH11: =IF(AND(J11="Cobre",F11="Monofásico"),VLOOKUP(M11,'Iz''s'!$AT$10:$BA$28,4,FALSE),IF(AND(J11="Cobre",F11="Trifásico"),VLOOKUP(M11,'Iz''s'!$AT$10:$BA$28,5,FALSE),IF(AND(J11="Alumínio",F11="Monofásico"),VLOOKUP(M11,'Iz''s'!$BC$10:$BJ$27,4,FALSE),IF(AND(J11="Alumínio",F11="Trifásico"),VLOOKUP(M11,'Iz''s'!$BC$10:$BJ$27,5,FALSE))))) -> --- | BI11: =IF(AND(J11="Cobre",F11="Monofásico"),"N/A",IF(AND(J11="Cobre",F11="Trifásico"),VLOOKUP(M11,'Iz''s'!$AT$10:$BA$28,8,FALSE),IF(AND(J11="Alumínio",F11="Monofásico"),"N/A",IF(AND(J11="Alumínio",F11="Trifásico"),VLOOKUP(M11,'Iz''s'!$BC$10:$BJ$27,8,FALSE))))) -> --- | BJ11: =IF(AND(J11="Cobre",F11="Monofásico"),VLOOKUP(M11,'Iz''s'!$G$8:$J$23,2,FALSE),IF(AND(J11="Cobre",F11="Trifásico"),VLOOKUP(M11,'Iz''s'!$Q$8:$T$23,2,FALSE),IF(AND(J11="Alumínio",F11="Monofásico"),VLOOKUP(M11,'Iz''s'!$G$25:$J$39,2,FALSE),IF(AND(J11="Alumínio",F11="Trifásico"),VLOOKUP(M11,'Iz''s'!$Q$25:$T$39,2,FALSE))))) -> 54 | BK11: =IF(AND(J11="Cobre",F11="Monofásico"),VLOOKUP(M11,'Iz''s'!$CJ$9:$CN$24,2,FALSE),IF(AND(J11="Cobre",F11="Trifásico"),VLOOKUP(M11,'Iz''s'!$CJ$9:$CN$24,4,FALSE),IF(AND(J11="Alumínio",F11="Monofásico"),VLOOKUP(M11,'Iz''s'!$CJ$26:$CN$40,2,FALSE),IF(AND(J11="Alumínio",F11="Trifásico"),VLOOKUP(M11,'Iz''s'!$CJ$26:$CN$40,4,FALSE))))) -> 51 | BL11: =IF(AND(J11="Cobre",F11="Monofásico"),VLOOKUP(M11,'Iz''s'!$G$8:$J$23,3,FALSE),IF(AND(J11="Cobre",F11="Trifásico"),VLOOKUP(M11,'Iz''s'!$Q$8:$T$23,3,FALSE),IF(AND(J11="Alumínio",F11="Monofásico"),VLOOKUP(M11,'Iz''s'!$G$25:$J$39,3,FALSE),IF(AND(J11="Alumínio",F11="Trifásico"),VLOOKUP(M11,'Iz''s'!$Q$25:$T$39,3,FALSE))))) -> 66 | BM11: =IF(AND(J11="Cobre",F11="Monofásico"),VLOOKUP(M11,'Iz''s'!$CJ$9:$CN$24,3,FALSE),IF(AND(J11="Cobre",F11="Trifásico"),VLOOKUP(M11,'Iz''s'!$CJ$9:$CN$24,5,FALSE),IF(AND(J11="Alumínio",F11="Monofásico"),VLOOKUP(M11,'Iz''s'!$CJ$26:$CN$40,3,FALSE),IF(AND(J11="Alumínio",F11="Trifásico"),VLOOKUP(M11,'Iz''s'!$CJ$26:$CN$40,5,FALSE))))) -> 60 | BN11: =IF(AND(J11="Cobre",F11="Monofásico"),VLOOKUP(M11,'Iz''s'!$G$8:$J$23,4,FALSE),IF(AND(J11="Cobre",F11="Trifásico"),VLOOKUP(M11,'Iz''s'!$Q$8:$T$23,4,FALSE),IF(AND(J11="Alumínio",F11="Monofásico"),VLOOKUP(M11,'Iz''s'!$G$25:$J$39,4,FALSE),IF(AND(J11="Alumínio",F11="Trifásico"),VLOOKUP(M11,'Iz''s'!$Q$25:$T$39,4,FALSE))))) -> 71 | BO11: =IF(AND(J11="Cobre",F11="Monofásico"),VLOOKUP(M11,'Iz''s'!$CP$9:$CT$24,5,FALSE),IF(AND(J11="Cobre",F11="Trifásico"),VLOOKUP(M11,'Iz''s'!$CP$9:$CT$24,4,FALSE),IF(AND(J11="Alumínio",F11="Monofásico"),VLOOKUP(M11,'Iz''s'!$CP$26:$CT$37,5,FALSE),IF(AND(J11="Alumínio",F11="Trifásico"),VLOOKUP(M11,'Iz''s'!$CP$26:$CT$37,4,FALSE))))) -> 87 | BP11: =IF(AND(J11="Cobre",F11="Monofásico"),VLOOKUP(M11,'Iz''s'!$BL$10:$BS$28,2,FALSE),IF(AND(J11="Cobre",F11="Trifásico"),VLOOKUP(M11,'Iz''s'!$BL$10:$BS$28,3,FALSE),IF(AND(J11="Alumínio",F11="Monofásico"),VLOOKUP(M11,'Iz''s'!$BU$10:$CB$27,2,FALSE),IF(AND(J11="Alumínio",F11="Trifásico"),VLOOKUP(M11,'Iz''s'!$BU$10:$CB$27,3,FALSE))))) -> 75 | BQ11: =IF(AND(J11="Cobre",F11="Monofásico"),VLOOKUP(M11,'Iz''s'!$BL$10:$BS$28,4,FALSE),IF(AND(J11="Cobre",F11="Trifásico"),VLOOKUP(M11,'Iz''s'!$BL$10:$BS$28,5,FALSE),IF(AND(J11="Alumínio",F11="Monofásico"),VLOOKUP(M11,'Iz''s'!$BU$10:$CB$27,4,FALSE),IF(AND(J11="Alumínio",F11="Trifásico"),VLOOKUP(M11,'Iz''s'!$BU$10:$CB$27,5,FALSE))))) -> --- | BR11: =IF(AND(J11="Cobre",F11="Monofásico"),"N/A",IF(AND(J11="Cobre",F11="Trifásico"),VLOOKUP(M11,'Iz''s'!$BL$10:$BS$28,8,FALSE),IF(AND(J11="Alumínio",F11="Monofásico"),"N/A",IF(AND(J11="Alumínio",F11="Trifásico"),VLOOKUP(M11,'Iz''s'!$BU$10:$CB$27,8,FALSE))))) -> --- | BS11: =IF(AND(J11="Cobre",F11="Monofásico"),VLOOKUP(M11,'Iz''s'!$V$14:$Y$28,2,FALSE),IF(AND(J11="Cobre",F11="Trifásico"),VLOOKUP(M11,'Iz''s'!$V$14:$Y$28,3,FALSE),IF(AND(J11="Alumínio",F11="Monofásico"),VLOOKUP(M11,"N/A",4,FALSE),IF(AND(J11="Alumínio",F11="Trifásico"),VLOOKUP(M11,"N/A",4,FALSE))))) -> 65 | BT11: =IF(AND(J11="Cobre",F11="Monofásico"),VLOOKUP(M11,'Iz''s'!$AF$15:$AK$29,2,FALSE),IF(AND(J11="Cobre",F11="Trifásico"),VLOOKUP(M11,'Iz''s'!$AF$15:$AK$29,3,FALSE),IF(AND(J11="Alumínio",F11="Monofásico"),"N/A",IF(AND(J11="Alumínio",F11="Trifásico"),"N/A")))) -> 69 | BU11: =IF(AND(J11="Cobre",F11="Monofásico"),VLOOKUP(M11,'Iz''s'!$AF$15:$AK$29,2,FALSE),IF(AND(J11="Cobre",F11="Trifásico"),VLOOKUP(M11,'Iz''s'!$AF$15:$AK$29,3,FALSE),IF(AND(J11="Alumínio",F11="Monofásico"),"N/A",IF(AND(J11="Alumínio",F11="Trifásico"),"N/A")))) -> 69 | BV11: =IF(AND(J11="Cobre",F11="Monofásico"),"N/A",IF(AND(J11="Cobre",F11="Trifásico"),VLOOKUP(M11,'Iz''s'!$AF$15:$AK$29,6,FALSE),IF(AND(J11="Alumínio",F11="Monofásico"),"N/A",IF(AND(J11="Alumínio",F11="Trifásico"),"N/A")))) -> 95 | BW11: 9 | BY11: =VLOOKUP(M11,Consulta!$W$6:$AB$23,4,FALSE) -> 25 | BZ11: =VLOOKUP(M11,Consulta!$W$6:$AB$23,6,FALSE) -> 32 | CA11: =VLOOKUP(M11,Consulta!$AK$6:$AP$23,4,FALSE) -> 32 | CB11: =VLOOKUP(M11,Consulta!$AK$6:$AP$23,6,FALSE) -> 32 | CC11: =VLOOKUP(M11,Consulta!$AD$6:$AI$19,4,FALSE) -> 32 | CD11: =VLOOKUP(M11,Consulta!$AD$6:$AI$19,6,FALSE) -> 40 | CE11: =VLOOKUP(M11,Consulta!$AR$6:$AW$19,4,FALSE) -> 50 | CF11: =VLOOKUP(M11,Consulta!$AR$6:$AW$19,6,FALSE) -> 50
B12: Quadro das Maquinas - Q_PS1 | C12: Maquina 1 | D12: 15 | E12: =5.9144+5.75+4.6302+2.4456 -> 18.7402 | F12: Trifásico | G12: Multicondutor | H12: 0.8 | I12: Cabo/Canalizações | J12: Cobre | K12: PVC | L12: 1 | M12: 6 | N12: E | O12: 13 | P12: =IF(K12="PVC",HLOOKUP(N12,$BA$3:$BI$104,BW12,FALSE),IF(OR(K12="XLPE",K12="EPR"),HLOOKUP(N12,$BJ$3:$BR$104,BW12,FALSE),IF(K12="Mineral",HLOOKUP(N12,$BS$3:$BV$104,BW12,FALSE),"N/A")))*L12 -> 43 | Q12: 3 | R12: 1 | S12: =IF(F12="Monofásico",(((D12*10^3)/H12)/230),(((D12*10^3)/H12)/(SQRT(3)*400))) -> 27.063294 | T12: =P12*R12 -> 43 | U12: Disjuntor | V12: 32 | W12: =IF(U12="C.C.Fusíveis",VLOOKUP(V12,Consulta!$L$5:$N$31,3,FALSE),VLOOKUP(V12,Consulta!$P$5:$R$34,3,FALSE)) -> 39 | X12: =CEILING(1.45*P12,1) -> 63 | Y12: =S12/T12 -> 0.62937893 | Z12: =IF(AND(S12<=V12,V12<=P12,W12<=X12),"Sim","Não") -> Sim | AA12: =$AA$5+SQRT($AB$5^2+$AC$5^2) -> 0.09715639 | AB12: =(IF(J12="Cobre",(1.25*0.0225),(1.25*0.036)))*((E12/M12)/L12) -> 0.087844688 | AC12: =(IF(M12<10,0,(0.00008)))*(E12) -> 0 | AD12: =$AF$5 -> 2.9650225 | AE12: =IF(F12="Trifásico",S12*(AB12*H12+AC12*SIN(ACOS(H12))),2*S12*(AB12*H12+AC12*SIN(ACOS(H12)))) -> 1.9018933 | AF12: =AD12+AE12 -> 4.8669158 | AG12: =AE12/230 -> 0.0082691012 | AH12: =AF12/230 -> 0.021160504 | AI12: =IF(F12="Monofásico",(0.23/(SQRT((AB12^2)+(AC12^2))+AA12)),(0.4/(SQRT(3)*(SQRT((AB12^2)+(AC12^2))+AA12)))) -> 1.2483176 | AJ12: 3 | AK12: 0.1 | AL12: =IF(G12="Multicondutor",(IF(AND(J12="Cobre",K12="PVC"),115,IF(AND(J12="Cobre",K12="XLPE"),143,IF(AND(J12="Alumínio",K12="PVC"),76,IF(AND(J12="Alumínio",K12="XLPE"),94))))),(IF(AND(J12="Cobre",K12="PVC"),143,IF(AND(J12="Cobre",K12="XLPE"),176,IF(AND(J12="Alumínio",K12="PVC"),95,IF(AND(J12="Alumínio",K12="XLPE"),116)))))) -> 115 | AM12: =((AI12*1000)*SQRT(AK12))/AL12 -> 3.4326322 | AN12: =L12 -> 1 | AO12: × | AP12: [XV | AQ12: =IF(F12="Monofásico","3G",IF(AND(F12="Trifásico",M12<25),"5G","3×")) -> 5G | AR12: =M12 -> 6 | AS12: =IF(OR(AQ12="3G",AQ12="5G"),"","+2G") | AT12: =IF(OR(AQ12="3G",AQ12="5G"),"",VLOOKUP(AR12,Consulta!$T$5:$U$25,2,FALSE)) | AU12: mm2] | AV12: / | AW12: VD Ø | AX12: =IF(AND(F12="Monofásico",I12="Fio/Canalizações"),BY11,IF(AND(F12="Trifásico",I12="Fio/Canalizações"),BZ11,IF(AND(F12="Monofásico",I12="Cabo/Canalizações"),CA11,IF(AND(F12="Trifásico",I12="Cabo/Canalizações"),CB11,IF(AND(F12="Monofásico",I12="Fio/Colunas&Entradas"),CC11,IF(AND(F12="Trifásico",I12="Fio/Colunas&Entradas"),CD11,IF(AND(F12="Monofásico",I12="Cabo/Colunas&Entradas"),CE11,IF(AND(F12="Trifásico",I12="Cabo/Colunas&Entradas"),CF11)))))))) -> 32 | AY12: mm | BA12: =IF(AND(J12="Cobre",F12="Monofásico"),VLOOKUP(M12,'Iz''s'!$B$8:$E$23,2,FALSE),IF(AND(J12="Cobre",F12="Trifásico"),VLOOKUP(M12,'Iz''s'!$L$8:$O$23,2,FALSE),IF(AND(J12="Alumínio",F12="Monofásico"),VLOOKUP(M12,'Iz''s'!$B$25:$E$39,2,FALSE),IF(AND(J12="Alumínio",F12="Trifásico"),VLOOKUP(M12,'Iz''s'!$L$25:$O$39,2,FALSE))))) -> 31 | BB12: =IF(AND(J12="Cobre",F12="Monofásico"),VLOOKUP(M12,'Iz''s'!$CD$9:$CH$24,2,FALSE),IF(AND(J12="Cobre",F12="Trifásico"),VLOOKUP(M12,'Iz''s'!$CD$9:$CH$24,4,FALSE),IF(AND(J12="Alumínio",F12="Monofásico"),VLOOKUP(M12,'Iz''s'!$CD$26:$CH$40,2,FALSE),IF(AND(J12="Alumínio",F12="Trifásico"),VLOOKUP(M12,'Iz''s'!$CD$26:$CH$40,4,FALSE))))) -> 29 | BC12: =IF(AND(J12="Cobre",F12="Monofásico"),VLOOKUP(M12,'Iz''s'!$B$8:$E$23,3,FALSE),IF(AND(J12="Cobre",F12="Trifásico"),VLOOKUP(M12,'Iz''s'!$L$8:$O$23,3,FALSE),IF(AND(J12="Alumínio",F12="Monofásico"),VLOOKUP(M12,'Iz''s'!$B$25:$E$39,3,FALSE),IF(AND(J12="Alumínio",F12="Trifásico"),VLOOKUP(M12,'Iz''s'!$L$25:$O$39,3,FALSE))))) -> 36 | BD12: =IF(AND(J12="Cobre",F12="Monofásico"),VLOOKUP(M12,'Iz''s'!$CD$9:$CH$24,3,FALSE),IF(AND(J12="Cobre",F12="Trifásico"),VLOOKUP(M12,'Iz''s'!$CD$9:$CH$24,5,FALSE),IF(AND(J12="Alumínio",F12="Monofásico"),VLOOKUP(M12,'Iz''s'!$CD$26:$CH$40,3,FALSE),IF(AND(J12="Alumínio",F12="Trifásico"),VLOOKUP(M12,'Iz''s'!$CD$26:$CH$40,5,FALSE))))) -> 34 | BE12: =IF(AND(J12="Cobre",F12="Monofásico"),VLOOKUP(M12,'Iz''s'!$B$8:$E$23,4,FALSE),IF(AND(J12="Cobre",F12="Trifásico"),VLOOKUP(M12,'Iz''s'!$L$8:$O$23,4,FALSE),IF(AND(J12="Alumínio",F12="Monofásico"),VLOOKUP(M12,'Iz''s'!$B$25:$E$39,4,FALSE),IF(AND(J12="Alumínio",F12="Trifásico"),VLOOKUP(M12,'Iz''s'!$L$25:$O$39,4,FALSE))))) -> 41 | BF12: =IF(AND(J12="Cobre",F12="Monofásico"),VLOOKUP(M12,'Iz''s'!$CP$9:$CT$24,3,FALSE),IF(AND(J12="Cobre",F12="Trifásico"),VLOOKUP(M12,'Iz''s'!$CP$9:$CT$24,2,FALSE),IF(AND(J12="Alumínio",F12="Monofásico"),VLOOKUP(M12,'Iz''s'!$CP$26:$CT$37,3,FALSE),IF(AND(J12="Alumínio",F12="Trifásico"),VLOOKUP(M12,'Iz''s'!$CP$26:$CT$37,2,FALSE))))) -> 56 | BG12: =IF(AND(J12="Cobre",F12="Monofásico"),VLOOKUP(M12,'Iz''s'!$AT$10:$BA$28,2,FALSE),IF(AND(J12="Cobre",F12="Trifásico"),VLOOKUP(M12,'Iz''s'!$AT$10:$BA$28,3,FALSE),IF(AND(J12="Alumínio",F12="Monofásico"),VLOOKUP(M12,'Iz''s'!$BC$10:$BJ$27,2,FALSE),IF(AND(J12="Alumínio",F12="Trifásico"),VLOOKUP(M12,'Iz''s'!$BC$10:$BJ$27,3,FALSE))))) -> 43 | BH12: =IF(AND(J12="Cobre",F12="Monofásico"),VLOOKUP(M12,'Iz''s'!$AT$10:$BA$28,4,FALSE),IF(AND(J12="Cobre",F12="Trifásico"),VLOOKUP(M12,'Iz''s'!$AT$10:$BA$28,5,FALSE),IF(AND(J12="Alumínio",F12="Monofásico"),VLOOKUP(M12,'Iz''s'!$BC$10:$BJ$27,4,FALSE),IF(AND(J12="Alumínio",F12="Trifásico"),VLOOKUP(M12,'Iz''s'!$BC$10:$BJ$27,5,FALSE))))) -> --- | BI12: =IF(AND(J12="Cobre",F12="Monofásico"),"N/A",IF(AND(J12="Cobre",F12="Trifásico"),VLOOKUP(M12,'Iz''s'!$AT$10:$BA$28,8,FALSE),IF(AND(J12="Alumínio",F12="Monofásico"),"N/A",IF(AND(J12="Alumínio",F12="Trifásico"),VLOOKUP(M12,'Iz''s'!$BC$10:$BJ$27,8,FALSE))))) -> --- | BJ12: =IF(AND(J12="Cobre",F12="Monofásico"),VLOOKUP(M12,'Iz''s'!$G$8:$J$23,2,FALSE),IF(AND(J12="Cobre",F12="Trifásico"),VLOOKUP(M12,'Iz''s'!$Q$8:$T$23,2,FALSE),IF(AND(J12="Alumínio",F12="Monofásico"),VLOOKUP(M12,'Iz''s'!$G$25:$J$39,2,FALSE),IF(AND(J12="Alumínio",F12="Trifásico"),VLOOKUP(M12,'Iz''s'!$Q$25:$T$39,2,FALSE))))) -> 40 | BK12: =IF(AND(J12="Cobre",F12="Monofásico"),VLOOKUP(M12,'Iz''s'!$CJ$9:$CN$24,2,FALSE),IF(AND(J12="Cobre",F12="Trifásico"),VLOOKUP(M12,'Iz''s'!$CJ$9:$CN$24,4,FALSE),IF(AND(J12="Alumínio",F12="Monofásico"),VLOOKUP(M12,'Iz''s'!$CJ$26:$CN$40,2,FALSE),IF(AND(J12="Alumínio",F12="Trifásico"),VLOOKUP(M12,'Iz''s'!$CJ$26:$CN$40,4,FALSE))))) -> 38 | BL12: =IF(AND(J12="Cobre",F12="Monofásico"),VLOOKUP(M12,'Iz''s'!$G$8:$J$23,3,FALSE),IF(AND(J12="Cobre",F12="Trifásico"),VLOOKUP(M12,'Iz''s'!$Q$8:$T$23,3,FALSE),IF(AND(J12="Alumínio",F12="Monofásico"),VLOOKUP(M12,'Iz''s'!$G$25:$J$39,3,FALSE),IF(AND(J12="Alumínio",F12="Trifásico"),VLOOKUP(M12,'Iz''s'!$Q$25:$T$39,3,FALSE))))) -> 48 | BM12: =IF(AND(J12="Cobre",F12="Monofásico"),VLOOKUP(M12,'Iz''s'!$CJ$9:$CN$24,3,FALSE),IF(AND(J12="Cobre",F12="Trifásico"),VLOOKUP(M12,'Iz''s'!$CJ$9:$CN$24,5,FALSE),IF(AND(J12="Alumínio",F12="Monofásico"),VLOOKUP(M12,'Iz''s'!$CJ$26:$CN$40,3,FALSE),IF(AND(J12="Alumínio",F12="Trifásico"),VLOOKUP(M12,'Iz''s'!$CJ$26:$CN$40,5,FALSE))))) -> 44 | BN12: =IF(AND(J12="Cobre",F12="Monofásico"),VLOOKUP(M12,'Iz''s'!$G$8:$J$23,4,FALSE),IF(AND(J12="Cobre",F12="Trifásico"),VLOOKUP(M12,'Iz''s'!$Q$8:$T$23,4,FALSE),IF(AND(J12="Alumínio",F12="Monofásico"),VLOOKUP(M12,'Iz''s'!$G$25:$J$39,4,FALSE),IF(AND(J12="Alumínio",F12="Trifásico"),VLOOKUP(M12,'Iz''s'!$Q$25:$T$39,4,FALSE))))) -> 52 | BO12: =IF(AND(J12="Cobre",F12="Monofásico"),VLOOKUP(M12,'Iz''s'!$CP$9:$CT$24,5,FALSE),IF(AND(J12="Cobre",F12="Trifásico"),VLOOKUP(M12,'Iz''s'!$CP$9:$CT$24,4,FALSE),IF(AND(J12="Alumínio",F12="Monofásico"),VLOOKUP(M12,'Iz''s'!$CP$26:$CT$37,5,FALSE),IF(AND(J12="Alumínio",F12="Trifásico"),VLOOKUP(M12,'Iz''s'!$CP$26:$CT$37,4,FALSE))))) -> 66 | BP12: =IF(AND(J12="Cobre",F12="Monofásico"),VLOOKUP(M12,'Iz''s'!$BL$10:$BS$28,2,FALSE),IF(AND(J12="Cobre",F12="Trifásico"),VLOOKUP(M12,'Iz''s'!$BL$10:$BS$28,3,FALSE),IF(AND(J12="Alumínio",F12="Monofásico"),VLOOKUP(M12,'Iz''s'!$BU$10:$CB$27,2,FALSE),IF(AND(J12="Alumínio",F12="Trifásico"),VLOOKUP(M12,'Iz''s'!$BU$10:$CB$27,3,FALSE))))) -> 54 | BQ12: =IF(AND(J12="Cobre",F12="Monofásico"),VLOOKUP(M12,'Iz''s'!$BL$10:$BS$28,4,FALSE),IF(AND(J12="Cobre",F12="Trifásico"),VLOOKUP(M12,'Iz''s'!$BL$10:$BS$28,5,FALSE),IF(AND(J12="Alumínio",F12="Monofásico"),VLOOKUP(M12,'Iz''s'!$BU$10:$CB$27,4,FALSE),IF(AND(J12="Alumínio",F12="Trifásico"),VLOOKUP(M12,'Iz''s'!$BU$10:$CB$27,5,FALSE))))) -> --- | BR12: =IF(AND(J12="Cobre",F12="Monofásico"),"N/A",IF(AND(J12="Cobre",F12="Trifásico"),VLOOKUP(M12,'Iz''s'!$BL$10:$BS$28,8,FALSE),IF(AND(J12="Alumínio",F12="Monofásico"),"N/A",IF(AND(J12="Alumínio",F12="Trifásico"),VLOOKUP(M12,'Iz''s'!$BU$10:$CB$27,8,FALSE))))) -> --- | BS12: =IF(AND(J12="Cobre",F12="Monofásico"),VLOOKUP(M12,'Iz''s'!$V$14:$Y$28,2,FALSE),IF(AND(J12="Cobre",F12="Trifásico"),VLOOKUP(M12,'Iz''s'!$V$14:$Y$28,3,FALSE),IF(AND(J12="Alumínio",F12="Monofásico"),VLOOKUP(M12,"N/A",4,FALSE),IF(AND(J12="Alumínio",F12="Trifásico"),VLOOKUP(M12,"N/A",4,FALSE))))) -> 48 | BT12: =IF(AND(J12="Cobre",F12="Monofásico"),VLOOKUP(M12,'Iz''s'!$AF$15:$AK$29,2,FALSE),IF(AND(J12="Cobre",F12="Trifásico"),VLOOKUP(M12,'Iz''s'!$AF$15:$AK$29,3,FALSE),IF(AND(J12="Alumínio",F12="Monofásico"),"N/A",IF(AND(J12="Alumínio",F12="Trifásico"),"N/A")))) -> 51 | BU12: =IF(AND(J12="Cobre",F12="Monofásico"),VLOOKUP(M12,'Iz''s'!$AF$15:$AK$29,2,FALSE),IF(AND(J12="Cobre",F12="Trifásico"),VLOOKUP(M12,'Iz''s'!$AF$15:$AK$29,3,FALSE),IF(AND(J12="Alumínio",F12="Monofásico"),"N/A",IF(AND(J12="Alumínio",F12="Trifásico"),"N/A")))) -> 51 | BV12: =IF(AND(J12="Cobre",F12="Monofásico"),"N/A",IF(AND(J12="Cobre",F12="Trifásico"),VLOOKUP(M12,'Iz''s'!$AF$15:$AK$29,6,FALSE),IF(AND(J12="Alumínio",F12="Monofásico"),"N/A",IF(AND(J12="Alumínio",F12="Trifásico"),"N/A")))) -> 71 | BW12: 10 | BY12: =VLOOKUP(M12,Consulta!$W$6:$AB$23,4,FALSE) -> 20 | BZ12: =VLOOKUP(M12,Consulta!$W$6:$AB$23,6,FALSE) -> 25 | CA12: =VLOOKUP(M12,Consulta!$AK$6:$AP$23,4,FALSE) -> 25 | CB12: =VLOOKUP(M12,Consulta!$AK$6:$AP$23,6,FALSE) -> 32 | CC12: =VLOOKUP(M12,Consulta!$AD$6:$AI$19,4,FALSE) -> #N/A | CD12: =VLOOKUP(M12,Consulta!$AD$6:$AI$19,6,FALSE) -> #N/A | CE12: =VLOOKUP(M12,Consulta!$AR$6:$AW$19,4,FALSE) -> #N/A | CF12: =VLOOKUP(M12,Consulta!$AR$6:$AW$19,6,FALSE) -> #N/A
C13: Maquina 2 | D13: 10 | E13: =5.5+1.8756+3.4856+0.5 -> 11.3612 | F13: Trifásico | G13: Multicondutor | H13: 0.8 | I13: Cabo/Canalizações | J13: Cobre | K13: PVC | L13: 1 | M13: 4 | N13: E | O13: 13 | P13: =IF(K13="PVC",HLOOKUP(N13,$BA$3:$BI$104,BW13,FALSE),IF(OR(K13="XLPE",K13="EPR"),HLOOKUP(N13,$BJ$3:$BR$104,BW13,FALSE),IF(K13="Mineral",HLOOKUP(N13,$BS$3:$BV$104,BW13,FALSE),"N/A")))*L13 -> 34 | Q13: 3 | R13: 0.88 | S13: =IF(F13="Monofásico",(((D13*10^3)/H13)/230),(((D13*10^3)/H13)/(SQRT(3)*400))) -> 18.042196 | T13: =P13*R13 -> 29.92 | U13: Disjuntor | V13: 20 | W13: =IF(U13="C.C.Fusíveis",VLOOKUP(V13,Consulta!$L$5:$N$31,3,FALSE),VLOOKUP(V13,Consulta!$P$5:$R$34,3,FALSE)) -> 27 | X13: =CEILING(1.45*P13,1) -> 50 | Y13: =S13/T13 -> 0.60301457 | Z13: =IF(AND(S13<=V13,V13<=P13,W13<=X13),"Sim","Não") -> Sim | AA13: =$AA$5+SQRT($AB$5^2+$AC$5^2) -> 0.09715639 | AB13: =(IF(J13="Cobre",(1.25*0.0225),(1.25*0.036)))*((E13/M13)/L13) -> 0.079883437 | AC13: =(IF(M13<10,0,(0.00008)))*(E13) -> 0 | AD13: =$AF$5 -> 2.9650225 | AE13: =IF(F13="Trifásico",S13*(AB13*H13+AC13*SIN(ACOS(H13))),2*S13*(AB13*H13+AC13*SIN(ACOS(H13)))) -> 1.1530181 | AF13: =AD13+AE13 -> 4.1180407 | AG13: =AE13/230 -> 0.0050131222 | AH13: =AF13/230 -> 0.017904525 | AI13: =IF(F13="Monofásico",(0.23/(SQRT((AB13^2)+(AC13^2))+AA13)),(0.4/(SQRT(3)*(SQRT((AB13^2)+(AC13^2))+AA13)))) -> 1.3044529 | AJ13: 3 | AK13: 0.1 | AL13: =IF(G13="Multicondutor",(IF(AND(J13="Cobre",K13="PVC"),115,IF(AND(J13="Cobre",K13="XLPE"),143,IF(AND(J13="Alumínio",K13="PVC"),76,IF(AND(J13="Alumínio",K13="XLPE"),94))))),(IF(AND(J13="Cobre",K13="PVC"),143,IF(AND(J13="Cobre",K13="XLPE"),176,IF(AND(J13="Alumínio",K13="PVC"),95,IF(AND(J13="Alumínio",K13="XLPE"),116)))))) -> 115 | AM13: =((AI13*1000)*SQRT(AK13))/AL13 -> 3.5869931 | AN13: =L13 -> 1 | AO13: × | AP13: [XV | AQ13: =IF(F13="Monofásico","3G",IF(AND(F13="Trifásico",M13<25),"5G","3×")) -> 5G | AR13: =M13 -> 4 | AS13: =IF(OR(AQ13="3G",AQ13="5G"),"","+2G") | AT13: =IF(OR(AQ13="3G",AQ13="5G"),"",VLOOKUP(AR13,Consulta!$T$5:$U$25,2,FALSE)) | AU13: mm2] | AV13: / | AW13: VD Ø | AX13: =IF(AND(F13="Monofásico",I13="Fio/Canalizações"),BY12,IF(AND(F13="Trifásico",I13="Fio/Canalizações"),BZ12,IF(AND(F13="Monofásico",I13="Cabo/Canalizações"),CA12,IF(AND(F13="Trifásico",I13="Cabo/Canalizações"),CB12,IF(AND(F13="Monofásico",I13="Fio/Colunas&Entradas"),CC12,IF(AND(F13="Trifásico",I13="Fio/Colunas&Entradas"),CD12,IF(AND(F13="Monofásico",I13="Cabo/Colunas&Entradas"),CE12,IF(AND(F13="Trifásico",I13="Cabo/Colunas&Entradas"),CF12)))))))) -> 32 | AY13: mm | BA13: =IF(AND(J13="Cobre",F13="Monofásico"),VLOOKUP(M13,'Iz''s'!$B$8:$E$23,2,FALSE),IF(AND(J13="Cobre",F13="Trifásico"),VLOOKUP(M13,'Iz''s'!$L$8:$O$23,2,FALSE),IF(AND(J13="Alumínio",F13="Monofásico"),VLOOKUP(M13,'Iz''s'!$B$25:$E$39,2,FALSE),IF(AND(J13="Alumínio",F13="Trifásico"),VLOOKUP(M13,'Iz''s'!$L$25:$O$39,2,FALSE))))) -> 24 | BB13: =IF(AND(J13="Cobre",F13="Monofásico"),VLOOKUP(M13,'Iz''s'!$CD$9:$CH$24,2,FALSE),IF(AND(J13="Cobre",F13="Trifásico"),VLOOKUP(M13,'Iz''s'!$CD$9:$CH$24,4,FALSE),IF(AND(J13="Alumínio",F13="Monofásico"),VLOOKUP(M13,'Iz''s'!$CD$26:$CH$40,2,FALSE),IF(AND(J13="Alumínio",F13="Trifásico"),VLOOKUP(M13,'Iz''s'!$CD$26:$CH$40,4,FALSE))))) -> 23 | BC13: =IF(AND(J13="Cobre",F13="Monofásico"),VLOOKUP(M13,'Iz''s'!$B$8:$E$23,3,FALSE),IF(AND(J13="Cobre",F13="Trifásico"),VLOOKUP(M13,'Iz''s'!$L$8:$O$23,3,FALSE),IF(AND(J13="Alumínio",F13="Monofásico"),VLOOKUP(M13,'Iz''s'!$B$25:$E$39,3,FALSE),IF(AND(J13="Alumínio",F13="Trifásico"),VLOOKUP(M13,'Iz''s'!$L$25:$O$39,3,FALSE))))) -> 28 | BD13: =IF(AND(J13="Cobre",F13="Monofásico"),VLOOKUP(M13,'Iz''s'!$CD$9:$CH$24,3,FALSE),IF(AND(J13="Cobre",F13="Trifásico"),VLOOKUP(M13,'Iz''s'!$CD$9:$CH$24,5,FALSE),IF(AND(J13="Alumínio",F13="Monofásico"),VLOOKUP(M13,'Iz''s'!$CD$26:$CH$40,3,FALSE),IF(AND(J13="Alumínio",F13="Trifásico"),VLOOKUP(M13,'Iz''s'!$CD$26:$CH$40,5,FALSE))))) -> 27 | BE13: =IF(AND(J13="Cobre",F13="Monofásico"),VLOOKUP(M13,'Iz''s'!$B$8:$E$23,4,FALSE),IF(AND(J13="Cobre",F13="Trifásico"),VLOOKUP(M13,'Iz''s'!$L$8:$O$23,4,FALSE),IF(AND(J13="Alumínio",F13="Monofásico"),VLOOKUP(M13,'Iz''s'!$B$25:$E$39,4,FALSE),IF(AND(J13="Alumínio",F13="Trifásico"),VLOOKUP(M13,'Iz''s'!$L$25:$O$39,4,FALSE))))) -> 32 | BF13: =IF(AND(J13="Cobre",F13="Monofásico"),VLOOKUP(M13,'Iz''s'!$CP$9:$CT$24,3,FALSE),IF(AND(J13="Cobre",F13="Trifásico"),VLOOKUP(M13,'Iz''s'!$CP$9:$CT$24,2,FALSE),IF(AND(J13="Alumínio",F13="Monofásico"),VLOOKUP(M13,'Iz''s'!$CP$26:$CT$37,3,FALSE),IF(AND(J13="Alumínio",F13="Trifásico"),VLOOKUP(M13,'Iz''s'!$CP$26:$CT$37,2,FALSE))))) -> 44 | BG13: =IF(AND(J13="Cobre",F13="Monofásico"),VLOOKUP(M13,'Iz''s'!$AT$10:$BA$28,2,FALSE),IF(AND(J13="Cobre",F13="Trifásico"),VLOOKUP(M13,'Iz''s'!$AT$10:$BA$28,3,FALSE),IF(AND(J13="Alumínio",F13="Monofásico"),VLOOKUP(M13,'Iz''s'!$BC$10:$BJ$27,2,FALSE),IF(AND(J13="Alumínio",F13="Trifásico"),VLOOKUP(M13,'Iz''s'!$BC$10:$BJ$27,3,FALSE))))) -> 34 | BH13: =IF(AND(J13="Cobre",F13="Monofásico"),VLOOKUP(M13,'Iz''s'!$AT$10:$BA$28,4,FALSE),IF(AND(J13="Cobre",F13="Trifásico"),VLOOKUP(M13,'Iz''s'!$AT$10:$BA$28,5,FALSE),IF(AND(J13="Alumínio",F13="Monofásico"),VLOOKUP(M13,'Iz''s'!$BC$10:$BJ$27,4,FALSE),IF(AND(J13="Alumínio",F13="Trifásico"),VLOOKUP(M13,'Iz''s'!$BC$10:$BJ$27,5,FALSE))))) -> --- | BI13: =IF(AND(J13="Cobre",F13="Monofásico"),"N/A",IF(AND(J13="Cobre",F13="Trifásico"),VLOOKUP(M13,'Iz''s'!$AT$10:$BA$28,8,FALSE),IF(AND(J13="Alumínio",F13="Monofásico"),"N/A",IF(AND(J13="Alumínio",F13="Trifásico"),VLOOKUP(M13,'Iz''s'!$BC$10:$BJ$27,8,FALSE))))) -> --- | BJ13: =IF(AND(J13="Cobre",F13="Monofásico"),VLOOKUP(M13,'Iz''s'!$G$8:$J$23,2,FALSE),IF(AND(J13="Cobre",F13="Trifásico"),VLOOKUP(M13,'Iz''s'!$Q$8:$T$23,2,FALSE),IF(AND(J13="Alumínio",F13="Monofásico"),VLOOKUP(M13,'Iz''s'!$G$25:$J$39,2,FALSE),IF(AND(J13="Alumínio",F13="Trifásico"),VLOOKUP(M13,'Iz''s'!$Q$25:$T$39,2,FALSE))))) -> 31 | BK13: =IF(AND(J13="Cobre",F13="Monofásico"),VLOOKUP(M13,'Iz''s'!$CJ$9:$CN$24,2,FALSE),IF(AND(J13="Cobre",F13="Trifásico"),VLOOKUP(M13,'Iz''s'!$CJ$9:$CN$24,4,FALSE),IF(AND(J13="Alumínio",F13="Monofásico"),VLOOKUP(M13,'Iz''s'!$CJ$26:$CN$40,2,FALSE),IF(AND(J13="Alumínio",F13="Trifásico"),VLOOKUP(M13,'Iz''s'!$CJ$26:$CN$40,4,FALSE))))) -> 30 | BL13: =IF(AND(J13="Cobre",F13="Monofásico"),VLOOKUP(M13,'Iz''s'!$G$8:$J$23,3,FALSE),IF(AND(J13="Cobre",F13="Trifásico"),VLOOKUP(M13,'Iz''s'!$Q$8:$T$23,3,FALSE),IF(AND(J13="Alumínio",F13="Monofásico"),VLOOKUP(M13,'Iz''s'!$G$25:$J$39,3,FALSE),IF(AND(J13="Alumínio",F13="Trifásico"),VLOOKUP(M13,'Iz''s'!$Q$25:$T$39,3,FALSE))))) -> 37 | BM13: =IF(AND(J13="Cobre",F13="Monofásico"),VLOOKUP(M13,'Iz''s'!$CJ$9:$CN$24,3,FALSE),IF(AND(J13="Cobre",F13="Trifásico"),VLOOKUP(M13,'Iz''s'!$CJ$9:$CN$24,5,FALSE),IF(AND(J13="Alumínio",F13="Monofásico"),VLOOKUP(M13,'Iz''s'!$CJ$26:$CN$40,3,FALSE),IF(AND(J13="Alumínio",F13="Trifásico"),VLOOKUP(M13,'Iz''s'!$CJ$26:$CN$40,5,FALSE))))) -> 35 | BN13: =IF(AND(J13="Cobre",F13="Monofásico"),VLOOKUP(M13,'Iz''s'!$G$8:$J$23,4,FALSE),IF(AND(J13="Cobre",F13="Trifásico"),VLOOKUP(M13,'Iz''s'!$Q$8:$T$23,4,FALSE),IF(AND(J13="Alumínio",F13="Monofásico"),VLOOKUP(M13,'Iz''s'!$G$25:$J$39,4,FALSE),IF(AND(J13="Alumínio",F13="Trifásico"),VLOOKUP(M13,'Iz''s'!$Q$25:$T$39,4,FALSE))))) -> 40 | BO13: =IF(AND(J13="Cobre",F13="Monofásico"),VLOOKUP(M13,'Iz''s'!$CP$9:$CT$24,5,FALSE),IF(AND(J13="Cobre",F13="Trifásico"),VLOOKUP(M13,'Iz''s'!$CP$9:$CT$24,4,FALSE),IF(AND(J13="Alumínio",F13="Monofásico"),VLOOKUP(M13,'Iz''s'!$CP$26:$CT$37,5,FALSE),IF(AND(J13="Alumínio",F13="Trifásico"),VLOOKUP(M13,'Iz''s'!$CP$26:$CT$37,4,FALSE))))) -> 53 | BP13: =IF(AND(J13="Cobre",F13="Monofásico"),VLOOKUP(M13,'Iz''s'!$BL$10:$BS$28,2,FALSE),IF(AND(J13="Cobre",F13="Trifásico"),VLOOKUP(M13,'Iz''s'!$BL$10:$BS$28,3,FALSE),IF(AND(J13="Alumínio",F13="Monofásico"),VLOOKUP(M13,'Iz''s'!$BU$10:$CB$27,2,FALSE),IF(AND(J13="Alumínio",F13="Trifásico"),VLOOKUP(M13,'Iz''s'!$BU$10:$CB$27,3,FALSE))))) -> 42 | BQ13: =IF(AND(J13="Cobre",F13="Monofásico"),VLOOKUP(M13,'Iz''s'!$BL$10:$BS$28,4,FALSE),IF(AND(J13="Cobre",F13="Trifásico"),VLOOKUP(M13,'Iz''s'!$BL$10:$BS$28,5,FALSE),IF(AND(J13="Alumínio",F13="Monofásico"),VLOOKUP(M13,'Iz''s'!$BU$10:$CB$27,4,FALSE),IF(AND(J13="Alumínio",F13="Trifásico"),VLOOKUP(M13,'Iz''s'!$BU$10:$CB$27,5,FALSE))))) -> --- | BR13: =IF(AND(J13="Cobre",F13="Monofásico"),"N/A",IF(AND(J13="Cobre",F13="Trifásico"),VLOOKUP(M13,'Iz''s'!$BL$10:$BS$28,8,FALSE),IF(AND(J13="Alumínio",F13="Monofásico"),"N/A",IF(AND(J13="Alumínio",F13="Trifásico"),VLOOKUP(M13,'Iz''s'!$BU$10:$CB$27,8,FALSE))))) -> --- | BS13: =IF(AND(J13="Cobre",F13="Monofásico"),VLOOKUP(M13,'Iz''s'!$V$14:$Y$28,2,FALSE),IF(AND(J13="Cobre",F13="Trifásico"),VLOOKUP(M13,'Iz''s'!$V$14:$Y$28,3,FALSE),IF(AND(J13="Alumínio",F13="Monofásico"),VLOOKUP(M13,"N/A",4,FALSE),IF(AND(J13="Alumínio",F13="Trifásico"),VLOOKUP(M13,"N/A",4,FALSE))))) -> 37 | BT13: =IF(AND(J13="Cobre",F13="Monofásico"),VLOOKUP(M13,'Iz''s'!$AF$15:$AK$29,2,FALSE),IF(AND(J13="Cobre",F13="Trifásico"),VLOOKUP(M13,'Iz''s'!$AF$15:$AK$29,3,FALSE),IF(AND(J13="Alumínio",F13="Monofásico"),"N/A",IF(AND(J13="Alumínio",F13="Trifásico"),"N/A")))) -> 40 | BU13: =IF(AND(J13="Cobre",F13="Monofásico"),VLOOKUP(M13,'Iz''s'!$AF$15:$AK$29,2,FALSE),IF(AND(J13="Cobre",F13="Trifásico"),VLOOKUP(M13,'Iz''s'!$AF$15:$AK$29,3,FALSE),IF(AND(J13="Alumínio",F13="Monofásico"),"N/A",IF(AND(J13="Alumínio",F13="Trifásico"),"N/A")))) -> 40 | BV13: =IF(AND(J13="Cobre",F13="Monofásico"),"N/A",IF(AND(J13="Cobre",F13="Trifásico"),VLOOKUP(M13,'Iz''s'!$AF$15:$AK$29,6,FALSE),IF(AND(J13="Alumínio",F13="Monofásico"),"N/A",IF(AND(J13="Alumínio",F13="Trifásico"),"N/A")))) -> 56 | BW13: 11 | BY13: =VLOOKUP(M13,Consulta!$W$6:$AB$23,4,FALSE) -> 20 | BZ13: =VLOOKUP(M13,Consulta!$W$6:$AB$23,6,FALSE) -> 25 | CA13: =VLOOKUP(M13,Consulta!$AK$6:$AP$23,4,FALSE) -> 25 | CB13: =VLOOKUP(M13,Consulta!$AK$6:$AP$23,6,FALSE) -> 25 | CC13: =VLOOKUP(M13,Consulta!$AD$6:$AI$19,4,FALSE) -> #N/A | CD13: =VLOOKUP(M13,Consulta!$AD$6:$AI$19,6,FALSE) -> #N/A | CE13: =VLOOKUP(M13,Consulta!$AR$6:$AW$19,4,FALSE) -> #N/A | CF13: =VLOOKUP(M13,Consulta!$AR$6:$AW$19,6,FALSE) -> #N/A
C14: Maquina 3 | D14: 5 | E14: =24.0729+1.6681+3.5856+0.5 -> 29.8266 | F14: Trifásico | G14: Multicondutor | H14: 0.8 | I14: Cabo/Canalizações | J14: Cobre | K14: PVC | L14: 1 | M14: 1.5 | N14: E | O14: 13 | P14: =IF(K14="PVC",HLOOKUP(N14,$BA$3:$BI$104,BW14,FALSE),IF(OR(K14="XLPE",K14="EPR"),HLOOKUP(N14,$BJ$3:$BR$104,BW14,FALSE),IF(K14="Mineral",HLOOKUP(N14,$BS$3:$BV$104,BW14,FALSE),"N/A")))*L14 -> 18.5 | Q14: 3 | R14: 0.73 | S14: =IF(F14="Monofásico",(((D14*10^3)/H14)/230),(((D14*10^3)/H14)/(SQRT(3)*400))) -> 9.021098 | T14: =P14*R14 -> 13.505 | U14: Disjuntor | V14: 12 | W14: =IF(U14="C.C.Fusíveis",VLOOKUP(V14,Consulta!$L$5:$N$31,3,FALSE),VLOOKUP(V14,Consulta!$P$5:$R$34,3,FALSE)) -> 16.2 | X14: =CEILING(1.45*P14,1) -> 27 | Y14: =S14/T14 -> 0.66798208 | Z14: =IF(AND(S14<=V14,V14<=P14,W14<=X14),"Sim","Não") -> Sim | AA14: =$AA$5+SQRT($AB$5^2+$AC$5^2) -> 0.09715639 | AB14: =(IF(J14="Cobre",(1.25*0.0225),(1.25*0.036)))*((E14/M14)/L14) -> 0.55924875 | AC14: =(IF(M14<10,0,(0.00008)))*(E14) -> 0 | AD14: =$AF$5 -> 2.9650225 | AE14: =IF(F14="Trifásico",S14*(AB14*H14+AC14*SIN(ACOS(H14))),2*S14*(AB14*H14+AC14*SIN(ACOS(H14)))) -> 4.0360302 | AF14: =AD14+AE14 -> 7.0010528 | AG14: =AE14/230 -> 0.017547957 | AH14: =AF14/230 -> 0.03043936 | AI14: =IF(F14="Monofásico",(0.23/(SQRT((AB14^2)+(AC14^2))+AA14)),(0.4/(SQRT(3)*(SQRT((AB14^2)+(AC14^2))+AA14)))) -> 0.35182556 | AJ14: 3 | AK14: 0.1 | AL14: =IF(G14="Multicondutor",(IF(AND(J14="Cobre",K14="PVC"),115,IF(AND(J14="Cobre",K14="XLPE"),143,IF(AND(J14="Alumínio",K14="PVC"),76,IF(AND(J14="Alumínio",K14="XLPE"),94))))),(IF(AND(J14="Cobre",K14="PVC"),143,IF(AND(J14="Cobre",K14="XLPE"),176,IF(AND(J14="Alumínio",K14="PVC"),95,IF(AND(J14="Alumínio",K14="XLPE"),116)))))) -> 115 | AM14: =((AI14*1000)*SQRT(AK14))/AL14 -> 0.96745228 | AN14: =L14 -> 1 | AO14: × | AP14: [XV | AQ14: =IF(F14="Monofásico","3G",IF(AND(F14="Trifásico",M14<25),"5G","3×")) -> 5G | AR14: =M14 -> 1.5 | AS14: =IF(OR(AQ14="3G",AQ14="5G"),"","+2G") | AT14: =IF(OR(AQ14="3G",AQ14="5G"),"",VLOOKUP(AR14,Consulta!$T$5:$U$25,2,FALSE)) | AU14: mm2] | AV14: / | AW14: VD Ø | AX14: =IF(AND(F14="Monofásico",I14="Fio/Canalizações"),BY13,IF(AND(F14="Trifásico",I14="Fio/Canalizações"),BZ13,IF(AND(F14="Monofásico",I14="Cabo/Canalizações"),CA13,IF(AND(F14="Trifásico",I14="Cabo/Canalizações"),CB13,IF(AND(F14="Monofásico",I14="Fio/Colunas&Entradas"),CC13,IF(AND(F14="Trifásico",I14="Fio/Colunas&Entradas"),CD13,IF(AND(F14="Monofásico",I14="Cabo/Colunas&Entradas"),CE13,IF(AND(F14="Trifásico",I14="Cabo/Colunas&Entradas"),CF13)))))))) -> 25 | AY14: mm | BA14: =IF(AND(J14="Cobre",F14="Monofásico"),VLOOKUP(M14,'Iz''s'!$B$8:$E$23,2,FALSE),IF(AND(J14="Cobre",F14="Trifásico"),VLOOKUP(M14,'Iz''s'!$L$8:$O$23,2,FALSE),IF(AND(J14="Alumínio",F14="Monofásico"),VLOOKUP(M14,'Iz''s'!$B$25:$E$39,2,FALSE),IF(AND(J14="Alumínio",F14="Trifásico"),VLOOKUP(M14,'Iz''s'!$L$25:$O$39,2,FALSE))))) -> 13.5 | BB14: =IF(AND(J14="Cobre",F14="Monofásico"),VLOOKUP(M14,'Iz''s'!$CD$9:$CH$24,2,FALSE),IF(AND(J14="Cobre",F14="Trifásico"),VLOOKUP(M14,'Iz''s'!$CD$9:$CH$24,4,FALSE),IF(AND(J14="Alumínio",F14="Monofásico"),VLOOKUP(M14,'Iz''s'!$CD$26:$CH$40,2,FALSE),IF(AND(J14="Alumínio",F14="Trifásico"),VLOOKUP(M14,'Iz''s'!$CD$26:$CH$40,4,FALSE))))) -> 13 | BC14: =IF(AND(J14="Cobre",F14="Monofásico"),VLOOKUP(M14,'Iz''s'!$B$8:$E$23,3,FALSE),IF(AND(J14="Cobre",F14="Trifásico"),VLOOKUP(M14,'Iz''s'!$L$8:$O$23,3,FALSE),IF(AND(J14="Alumínio",F14="Monofásico"),VLOOKUP(M14,'Iz''s'!$B$25:$E$39,3,FALSE),IF(AND(J14="Alumínio",F14="Trifásico"),VLOOKUP(M14,'Iz''s'!$L$25:$O$39,3,FALSE))))) -> 15.5 | BD14: =IF(AND(J14="Cobre",F14="Monofásico"),VLOOKUP(M14,'Iz''s'!$CD$9:$CH$24,3,FALSE),IF(AND(J14="Cobre",F14="Trifásico"),VLOOKUP(M14,'Iz''s'!$CD$9:$CH$24,5,FALSE),IF(AND(J14="Alumínio",F14="Monofásico"),VLOOKUP(M14,'Iz''s'!$CD$26:$CH$40,3,FALSE),IF(AND(J14="Alumínio",F14="Trifásico"),VLOOKUP(M14,'Iz''s'!$CD$26:$CH$40,5,FALSE))))) -> 15 | BE14: =IF(AND(J14="Cobre",F14="Monofásico"),VLOOKUP(M14,'Iz''s'!$B$8:$E$23,4,FALSE),IF(AND(J14="Cobre",F14="Trifásico"),VLOOKUP(M14,'Iz''s'!$L$8:$O$23,4,FALSE),IF(AND(J14="Alumínio",F14="Monofásico"),VLOOKUP(M14,'Iz''s'!$B$25:$E$39,4,FALSE),IF(AND(J14="Alumínio",F14="Trifásico"),VLOOKUP(M14,'Iz''s'!$L$25:$O$39,4,FALSE))))) -> 17.5 | BF14: =IF(AND(J14="Cobre",F14="Monofásico"),VLOOKUP(M14,'Iz''s'!$CP$9:$CT$24,3,FALSE),IF(AND(J14="Cobre",F14="Trifásico"),VLOOKUP(M14,'Iz''s'!$CP$9:$CT$24,2,FALSE),IF(AND(J14="Alumínio",F14="Monofásico"),VLOOKUP(M14,'Iz''s'!$CP$26:$CT$37,3,FALSE),IF(AND(J14="Alumínio",F14="Trifásico"),VLOOKUP(M14,'Iz''s'!$CP$26:$CT$37,2,FALSE))))) -> 26 | BG14: =IF(AND(J14="Cobre",F14="Monofásico"),VLOOKUP(M14,'Iz''s'!$AT$10:$BA$28,2,FALSE),IF(AND(J14="Cobre",F14="Trifásico"),VLOOKUP(M14,'Iz''s'!$AT$10:$BA$28,3,FALSE),IF(AND(J14="Alumínio",F14="Monofásico"),VLOOKUP(M14,'Iz''s'!$BC$10:$BJ$27,2,FALSE),IF(AND(J14="Alumínio",F14="Trifásico"),VLOOKUP(M14,'Iz''s'!$BC$10:$BJ$27,3,FALSE))))) -> 18.5 | BH14: =IF(AND(J14="Cobre",F14="Monofásico"),VLOOKUP(M14,'Iz''s'!$AT$10:$BA$28,4,FALSE),IF(AND(J14="Cobre",F14="Trifásico"),VLOOKUP(M14,'Iz''s'!$AT$10:$BA$28,5,FALSE),IF(AND(J14="Alumínio",F14="Monofásico"),VLOOKUP(M14,'Iz''s'!$BC$10:$BJ$27,4,FALSE),IF(AND(J14="Alumínio",F14="Trifásico"),VLOOKUP(M14,'Iz''s'!$BC$10:$BJ$27,5,FALSE))))) -> --- | BI14: =IF(AND(J14="Cobre",F14="Monofásico"),"N/A",IF(AND(J14="Cobre",F14="Trifásico"),VLOOKUP(M14,'Iz''s'!$AT$10:$BA$28,8,FALSE),IF(AND(J14="Alumínio",F14="Monofásico"),"N/A",IF(AND(J14="Alumínio",F14="Trifásico"),VLOOKUP(M14,'Iz''s'!$BC$10:$BJ$27,8,FALSE))))) -> --- | BJ14: =IF(AND(J14="Cobre",F14="Monofásico"),VLOOKUP(M14,'Iz''s'!$G$8:$J$23,2,FALSE),IF(AND(J14="Cobre",F14="Trifásico"),VLOOKUP(M14,'Iz''s'!$Q$8:$T$23,2,FALSE),IF(AND(J14="Alumínio",F14="Monofásico"),VLOOKUP(M14,'Iz''s'!$G$25:$J$39,2,FALSE),IF(AND(J14="Alumínio",F14="Trifásico"),VLOOKUP(M14,'Iz''s'!$Q$25:$T$39,2,FALSE))))) -> 17 | BK14: =IF(AND(J14="Cobre",F14="Monofásico"),VLOOKUP(M14,'Iz''s'!$CJ$9:$CN$24,2,FALSE),IF(AND(J14="Cobre",F14="Trifásico"),VLOOKUP(M14,'Iz''s'!$CJ$9:$CN$24,4,FALSE),IF(AND(J14="Alumínio",F14="Monofásico"),VLOOKUP(M14,'Iz''s'!$CJ$26:$CN$40,2,FALSE),IF(AND(J14="Alumínio",F14="Trifásico"),VLOOKUP(M14,'Iz''s'!$CJ$26:$CN$40,4,FALSE))))) -> 16.5 | BL14: =IF(AND(J14="Cobre",F14="Monofásico"),VLOOKUP(M14,'Iz''s'!$G$8:$J$23,3,FALSE),IF(AND(J14="Cobre",F14="Trifásico"),VLOOKUP(M14,'Iz''s'!$Q$8:$T$23,3,FALSE),IF(AND(J14="Alumínio",F14="Monofásico"),VLOOKUP(M14,'Iz''s'!$G$25:$J$39,3,FALSE),IF(AND(J14="Alumínio",F14="Trifásico"),VLOOKUP(M14,'Iz''s'!$Q$25:$T$39,3,FALSE))))) -> 20 | BM14: =IF(AND(J14="Cobre",F14="Monofásico"),VLOOKUP(M14,'Iz''s'!$CJ$9:$CN$24,3,FALSE),IF(AND(J14="Cobre",F14="Trifásico"),VLOOKUP(M14,'Iz''s'!$CJ$9:$CN$24,5,FALSE),IF(AND(J14="Alumínio",F14="Monofásico"),VLOOKUP(M14,'Iz''s'!$CJ$26:$CN$40,3,FALSE),IF(AND(J14="Alumínio",F14="Trifásico"),VLOOKUP(M14,'Iz''s'!$CJ$26:$CN$40,5,FALSE))))) -> 19.5 | BN14: =IF(AND(J14="Cobre",F14="Monofásico"),VLOOKUP(M14,'Iz''s'!$G$8:$J$23,4,FALSE),IF(AND(J14="Cobre",F14="Trifásico"),VLOOKUP(M14,'Iz''s'!$Q$8:$T$23,4,FALSE),IF(AND(J14="Alumínio",F14="Monofásico"),VLOOKUP(M14,'Iz''s'!$G$25:$J$39,4,FALSE),IF(AND(J14="Alumínio",F14="Trifásico"),VLOOKUP(M14,'Iz''s'!$Q$25:$T$39,4,FALSE))))) -> 22 | BO14: =IF(AND(J14="Cobre",F14="Monofásico"),VLOOKUP(M14,'Iz''s'!$CP$9:$CT$24,5,FALSE),IF(AND(J14="Cobre",F14="Trifásico"),VLOOKUP(M14,'Iz''s'!$CP$9:$CT$24,4,FALSE),IF(AND(J14="Alumínio",F14="Monofásico"),VLOOKUP(M14,'Iz''s'!$CP$26:$CT$37,5,FALSE),IF(AND(J14="Alumínio",F14="Trifásico"),VLOOKUP(M14,'Iz''s'!$CP$26:$CT$37,4,FALSE))))) -> 31 | BP14: =IF(AND(J14="Cobre",F14="Monofásico"),VLOOKUP(M14,'Iz''s'!$BL$10:$BS$28,2,FALSE),IF(AND(J14="Cobre",F14="Trifásico"),VLOOKUP(M14,'Iz''s'!$BL$10:$BS$28,3,FALSE),IF(AND(J14="Alumínio",F14="Monofásico"),VLOOKUP(M14,'Iz''s'!$BU$10:$CB$27,2,FALSE),IF(AND(J14="Alumínio",F14="Trifásico"),VLOOKUP(M14,'Iz''s'!$BU$10:$CB$27,3,FALSE))))) -> 23 | BQ14: =IF(AND(J14="Cobre",F14="Monofásico"),VLOOKUP(M14,'Iz''s'!$BL$10:$BS$28,4,FALSE),IF(AND(J14="Cobre",F14="Trifásico"),VLOOKUP(M14,'Iz''s'!$BL$10:$BS$28,5,FALSE),IF(AND(J14="Alumínio",F14="Monofásico"),VLOOKUP(M14,'Iz''s'!$BU$10:$CB$27,4,FALSE),IF(AND(J14="Alumínio",F14="Trifásico"),VLOOKUP(M14,'Iz''s'!$BU$10:$CB$27,5,FALSE))))) -> --- | BR14: =IF(AND(J14="Cobre",F14="Monofásico"),"N/A",IF(AND(J14="Cobre",F14="Trifásico"),VLOOKUP(M14,'Iz''s'!$BL$10:$BS$28,8,FALSE),IF(AND(J14="Alumínio",F14="Monofásico"),"N/A",IF(AND(J14="Alumínio",F14="Trifásico"),VLOOKUP(M14,'Iz''s'!$BU$10:$CB$27,8,FALSE))))) -> --- | BS14: =IF(AND(J14="Cobre",F14="Monofásico"),VLOOKUP(M14,'Iz''s'!$V$14:$Y$28,2,FALSE),IF(AND(J14="Cobre",F14="Trifásico"),VLOOKUP(M14,'Iz''s'!$V$14:$Y$28,3,FALSE),IF(AND(J14="Alumínio",F14="Monofásico"),VLOOKUP(M14,"N/A",4,FALSE),IF(AND(J14="Alumínio",F14="Trifásico"),VLOOKUP(M14,"N/A",4,FALSE))))) -> 21 | BT14: =IF(AND(J14="Cobre",F14="Monofásico"),VLOOKUP(M14,'Iz''s'!$AF$15:$AK$29,2,FALSE),IF(AND(J14="Cobre",F14="Trifásico"),VLOOKUP(M14,'Iz''s'!$AF$15:$AK$29,3,FALSE),IF(AND(J14="Alumínio",F14="Monofásico"),"N/A",IF(AND(J14="Alumínio",F14="Trifásico"),"N/A")))) -> 22 | BU14: =IF(AND(J14="Cobre",F14="Monofásico"),VLOOKUP(M14,'Iz''s'!$AF$15:$AK$29,2,FALSE),IF(AND(J14="Cobre",F14="Trifásico"),VLOOKUP(M14,'Iz''s'!$AF$15:$AK$29,3,FALSE),IF(AND(J14="Alumínio",F14="Monofásico"),"N/A",IF(AND(J14="Alumínio",F14="Trifásico"),"N/A")))) -> 22 | BV14: =IF(AND(J14="Cobre",F14="Monofásico"),"N/A",IF(AND(J14="Cobre",F14="Trifásico"),VLOOKUP(M14,'Iz''s'!$AF$15:$AK$29,6,FALSE),IF(AND(J14="Alumínio",F14="Monofásico"),"N/A",IF(AND(J14="Alumínio",F14="Trifásico"),"N/A")))) -> 32 | BW14: 12 | BY14: =VLOOKUP(M14,Consulta!$W$6:$AB$23,4,FALSE) -> 16 | BZ14: =VLOOKUP(M14,Consulta!$W$6:$AB$23,6,FALSE) -> 20 | CA14: =VLOOKUP(M14,Consulta!$AK$6:$AP$23,4,FALSE) -> 20 | CB14: =VLOOKUP(M14,Consulta!$AK$6:$AP$23,6,FALSE) -> 20 | CC14: =VLOOKUP(M14,Consulta!$AD$6:$AI$19,4,FALSE) -> #N/A | CD14: =VLOOKUP(M14,Consulta!$AD$6:$AI$19,6,FALSE) -> #N/A | CE14: =VLOOKUP(M14,Consulta!$AR$6:$AW$19,4,FALSE) -> #N/A | CF14: =VLOOKUP(M14,Consulta!$AR$6:$AW$19,6,FALSE) -> #N/A
C15: Maquina 4 | D15: 1 | E15: =22.25+5.6+6.6+5.2+0.6+1.5+3.85+2.9613+2.6094 -> 51.1707 | F15: Trifásico | G15: Multicondutor | H15: 0.8 | I15: Cabo/Canalizações | J15: Cobre | K15: PVC | L15: 1 | M15: 1.5 | N15: E | O15: 13 | P15: =IF(K15="PVC",HLOOKUP(N15,$BA$3:$BI$104,BW15,FALSE),IF(OR(K15="XLPE",K15="EPR"),HLOOKUP(N15,$BJ$3:$BR$104,BW15,FALSE),IF(K15="Mineral",HLOOKUP(N15,$BS$3:$BV$104,BW15,FALSE),"N/A")))*L15 -> 18.5 | Q15: 3 | R15: 0.73 | S15: =IF(F15="Monofásico",(((D15*10^3)/H15)/230),(((D15*10^3)/H15)/(SQRT(3)*400))) -> 1.8042196 | T15: =P15*R15 -> 13.505 | U15: Disjuntor | V15: 6 | W15: =IF(U15="C.C.Fusíveis",VLOOKUP(V15,Consulta!$L$5:$N$31,3,FALSE),VLOOKUP(V15,Consulta!$P$5:$R$34,3,FALSE)) -> 8.1 | X15: =CEILING(1.45*P15,1) -> 27 | Y15: =S15/T15 -> 0.13359642 | Z15: =IF(AND(S15<=V15,V15<=P15,W15<=X15),"Sim","Não") -> Sim | AA15: =$AA$5+SQRT($AB$5^2+$AC$5^2) -> 0.09715639 | AB15: =(IF(J15="Cobre",(1.25*0.0225),(1.25*0.036)))*((E15/M15)/L15) -> 0.95945063 | AC15: =(IF(M15<10,0,(0.00008)))*(E15) -> 0 | AD15: =$AF$5 -> 2.9650225 | AE15: =IF(F15="Trifásico",S15*(AB15*H15+AC15*SIN(ACOS(H15))),2*S15*(AB15*H15+AC15*SIN(ACOS(H15)))) -> 1.3848477 | AF15: =AD15+AE15 -> 4.3498702 | AG15: =AE15/230 -> 0.0060210769 | AH15: =AF15/230 -> 0.018912479 | AI15: =IF(F15="Monofásico",(0.23/(SQRT((AB15^2)+(AC15^2))+AA15)),(0.4/(SQRT(3)*(SQRT((AB15^2)+(AC15^2))+AA15)))) -> 0.21856765 | AJ15: 3 | AK15: 0.1 | AL15: =IF(G15="Multicondutor",(IF(AND(J15="Cobre",K15="PVC"),115,IF(AND(J15="Cobre",K15="XLPE"),143,IF(AND(J15="Alumínio",K15="PVC"),76,IF(AND(J15="Alumínio",K15="XLPE"),94))))),(IF(AND(J15="Cobre",K15="PVC"),143,IF(AND(J15="Cobre",K15="XLPE"),176,IF(AND(J15="Alumínio",K15="PVC"),95,IF(AND(J15="Alumínio",K15="XLPE"),116)))))) -> 115 | AM15: =((AI15*1000)*SQRT(AK15))/AL15 -> 0.60101877 | AN15: =L15 -> 1 | AO15: × | AP15: [XV | AQ15: =IF(F15="Monofásico","3G",IF(AND(F15="Trifásico",M15<25),"5G","3×")) -> 5G | AR15: =M15 -> 1.5 | AS15: =IF(OR(AQ15="3G",AQ15="5G"),"","+2G") | AT15: =IF(OR(AQ15="3G",AQ15="5G"),"",VLOOKUP(AR15,Consulta!$T$5:$U$25,2,FALSE)) | AU15: mm2] | AV15: / | AW15: VD Ø | AX15: =IF(AND(F15="Monofásico",I15="Fio/Canalizações"),BY14,IF(AND(F15="Trifásico",I15="Fio/Canalizações"),BZ14,IF(AND(F15="Monofásico",I15="Cabo/Canalizações"),CA14,IF(AND(F15="Trifásico",I15="Cabo/Canalizações"),CB14,IF(AND(F15="Monofásico",I15="Fio/Colunas&Entradas"),CC14,IF(AND(F15="Trifásico",I15="Fio/Colunas&Entradas"),CD14,IF(AND(F15="Monofásico",I15="Cabo/Colunas&Entradas"),CE14,IF(AND(F15="Trifásico",I15="Cabo/Colunas&Entradas"),CF14)))))))) -> 20 | AY15: mm | BA15: =IF(AND(J15="Cobre",F15="Monofásico"),VLOOKUP(M15,'Iz''s'!$B$8:$E$23,2,FALSE),IF(AND(J15="Cobre",F15="Trifásico"),VLOOKUP(M15,'Iz''s'!$L$8:$O$23,2,FALSE),IF(AND(J15="Alumínio",F15="Monofásico"),VLOOKUP(M15,'Iz''s'!$B$25:$E$39,2,FALSE),IF(AND(J15="Alumínio",F15="Trifásico"),VLOOKUP(M15,'Iz''s'!$L$25:$O$39,2,FALSE))))) -> 13.5 | BB15: =IF(AND(J15="Cobre",F15="Monofásico"),VLOOKUP(M15,'Iz''s'!$CD$9:$CH$24,2,FALSE),IF(AND(J15="Cobre",F15="Trifásico"),VLOOKUP(M15,'Iz''s'!$CD$9:$CH$24,4,FALSE),IF(AND(J15="Alumínio",F15="Monofásico"),VLOOKUP(M15,'Iz''s'!$CD$26:$CH$40,2,FALSE),IF(AND(J15="Alumínio",F15="Trifásico"),VLOOKUP(M15,'Iz''s'!$CD$26:$CH$40,4,FALSE))))) -> 13 | BC15: =IF(AND(J15="Cobre",F15="Monofásico"),VLOOKUP(M15,'Iz''s'!$B$8:$E$23,3,FALSE),IF(AND(J15="Cobre",F15="Trifásico"),VLOOKUP(M15,'Iz''s'!$L$8:$O$23,3,FALSE),IF(AND(J15="Alumínio",F15="Monofásico"),VLOOKUP(M15,'Iz''s'!$B$25:$E$39,3,FALSE),IF(AND(J15="Alumínio",F15="Trifásico"),VLOOKUP(M15,'Iz''s'!$L$25:$O$39,3,FALSE))))) -> 15.5 | BD15: =IF(AND(J15="Cobre",F15="Monofásico"),VLOOKUP(M15,'Iz''s'!$CD$9:$CH$24,3,FALSE),IF(AND(J15="Cobre",F15="Trifásico"),VLOOKUP(M15,'Iz''s'!$CD$9:$CH$24,5,FALSE),IF(AND(J15="Alumínio",F15="Monofásico"),VLOOKUP(M15,'Iz''s'!$CD$26:$CH$40,3,FALSE),IF(AND(J15="Alumínio",F15="Trifásico"),VLOOKUP(M15,'Iz''s'!$CD$26:$CH$40,5,FALSE))))) -> 15 | BE15: =IF(AND(J15="Cobre",F15="Monofásico"),VLOOKUP(M15,'Iz''s'!$B$8:$E$23,4,FALSE),IF(AND(J15="Cobre",F15="Trifásico"),VLOOKUP(M15,'Iz''s'!$L$8:$O$23,4,FALSE),IF(AND(J15="Alumínio",F15="Monofásico"),VLOOKUP(M15,'Iz''s'!$B$25:$E$39,4,FALSE),IF(AND(J15="Alumínio",F15="Trifásico"),VLOOKUP(M15,'Iz''s'!$L$25:$O$39,4,FALSE))))) -> 17.5 | BF15: =IF(AND(J15="Cobre",F15="Monofásico"),VLOOKUP(M15,'Iz''s'!$CP$9:$CT$24,3,FALSE),IF(AND(J15="Cobre",F15="Trifásico"),VLOOKUP(M15,'Iz''s'!$CP$9:$CT$24,2,FALSE),IF(AND(J15="Alumínio",F15="Monofásico"),VLOOKUP(M15,'Iz''s'!$CP$26:$CT$37,3,FALSE),IF(AND(J15="Alumínio",F15="Trifásico"),VLOOKUP(M15,'Iz''s'!$CP$26:$CT$37,2,FALSE))))) -> 26 | BG15: =IF(AND(J15="Cobre",F15="Monofásico"),VLOOKUP(M15,'Iz''s'!$AT$10:$BA$28,2,FALSE),IF(AND(J15="Cobre",F15="Trifásico"),VLOOKUP(M15,'Iz''s'!$AT$10:$BA$28,3,FALSE),IF(AND(J15="Alumínio",F15="Monofásico"),VLOOKUP(M15,'Iz''s'!$BC$10:$BJ$27,2,FALSE),IF(AND(J15="Alumínio",F15="Trifásico"),VLOOKUP(M15,'Iz''s'!$BC$10:$BJ$27,3,FALSE))))) -> 18.5 | BH15: =IF(AND(J15="Cobre",F15="Monofásico"),VLOOKUP(M15,'Iz''s'!$AT$10:$BA$28,4,FALSE),IF(AND(J15="Cobre",F15="Trifásico"),VLOOKUP(M15,'Iz''s'!$AT$10:$BA$28,5,FALSE),IF(AND(J15="Alumínio",F15="Monofásico"),VLOOKUP(M15,'Iz''s'!$BC$10:$BJ$27,4,FALSE),IF(AND(J15="Alumínio",F15="Trifásico"),VLOOKUP(M15,'Iz''s'!$BC$10:$BJ$27,5,FALSE))))) -> --- | BI15: =IF(AND(J15="Cobre",F15="Monofásico"),"N/A",IF(AND(J15="Cobre",F15="Trifásico"),VLOOKUP(M15,'Iz''s'!$AT$10:$BA$28,8,FALSE),IF(AND(J15="Alumínio",F15="Monofásico"),"N/A",IF(AND(J15="Alumínio",F15="Trifásico"),VLOOKUP(M15,'Iz''s'!$BC$10:$BJ$27,8,FALSE))))) -> --- | BJ15: =IF(AND(J15="Cobre",F15="Monofásico"),VLOOKUP(M15,'Iz''s'!$G$8:$J$23,2,FALSE),IF(AND(J15="Cobre",F15="Trifásico"),VLOOKUP(M15,'Iz''s'!$Q$8:$T$23,2,FALSE),IF(AND(J15="Alumínio",F15="Monofásico"),VLOOKUP(M15,'Iz''s'!$G$25:$J$39,2,FALSE),IF(AND(J15="Alumínio",F15="Trifásico"),VLOOKUP(M15,'Iz''s'!$Q$25:$T$39,2,FALSE))))) -> 17 | BK15: =IF(AND(J15="Cobre",F15="Monofásico"),VLOOKUP(M15,'Iz''s'!$CJ$9:$CN$24,2,FALSE),IF(AND(J15="Cobre",F15="Trifásico"),VLOOKUP(M15,'Iz''s'!$CJ$9:$CN$24,4,FALSE),IF(AND(J15="Alumínio",F15="Monofásico"),VLOOKUP(M15,'Iz''s'!$CJ$26:$CN$40,2,FALSE),IF(AND(J15="Alumínio",F15="Trifásico"),VLOOKUP(M15,'Iz''s'!$CJ$26:$CN$40,4,FALSE))))) -> 16.5 | BL15: =IF(AND(J15="Cobre",F15="Monofásico"),VLOOKUP(M15,'Iz''s'!$G$8:$J$23,3,FALSE),IF(AND(J15="Cobre",F15="Trifásico"),VLOOKUP(M15,'Iz''s'!$Q$8:$T$23,3,FALSE),IF(AND(J15="Alumínio",F15="Monofásico"),VLOOKUP(M15,'Iz''s'!$G$25:$J$39,3,FALSE),IF(AND(J15="Alumínio",F15="Trifásico"),VLOOKUP(M15,'Iz''s'!$Q$25:$T$39,3,FALSE))))) -> 20 | BM15: =IF(AND(J15="Cobre",F15="Monofásico"),VLOOKUP(M15,'Iz''s'!$CJ$9:$CN$24,3,FALSE),IF(AND(J15="Cobre",F15="Trifásico"),VLOOKUP(M15,'Iz''s'!$CJ$9:$CN$24,5,FALSE),IF(AND(J15="Alumínio",F15="Monofásico"),VLOOKUP(M15,'Iz''s'!$CJ$26:$CN$40,3,FALSE),IF(AND(J15="Alumínio",F15="Trifásico"),VLOOKUP(M15,'Iz''s'!$CJ$26:$CN$40,5,FALSE))))) -> 19.5 | BN15: =IF(AND(J15="Cobre",F15="Monofásico"),VLOOKUP(M15,'Iz''s'!$G$8:$J$23,4,FALSE),IF(AND(J15="Cobre",F15="Trifásico"),VLOOKUP(M15,'Iz''s'!$Q$8:$T$23,4,FALSE),IF(AND(J15="Alumínio",F15="Monofásico"),VLOOKUP(M15,'Iz''s'!$G$25:$J$39,4,FALSE),IF(AND(J15="Alumínio",F15="Trifásico"),VLOOKUP(M15,'Iz''s'!$Q$25:$T$39,4,FALSE))))) -> 22 | BO15: =IF(AND(J15="Cobre",F15="Monofásico"),VLOOKUP(M15,'Iz''s'!$CP$9:$CT$24,5,FALSE),IF(AND(J15="Cobre",F15="Trifásico"),VLOOKUP(M15,'Iz''s'!$CP$9:$CT$24,4,FALSE),IF(AND(J15="Alumínio",F15="Monofásico"),VLOOKUP(M15,'Iz''s'!$CP$26:$CT$37,5,FALSE),IF(AND(J15="Alumínio",F15="Trifásico"),VLOOKUP(M15,'Iz''s'!$CP$26:$CT$37,4,FALSE))))) -> 31 | BP15: =IF(AND(J15="Cobre",F15="Monofásico"),VLOOKUP(M15,'Iz''s'!$BL$10:$BS$28,2,FALSE),IF(AND(J15="Cobre",F15="Trifásico"),VLOOKUP(M15,'Iz''s'!$BL$10:$BS$28,3,FALSE),IF(AND(J15="Alumínio",F15="Monofásico"),VLOOKUP(M15,'Iz''s'!$BU$10:$CB$27,2,FALSE),IF(AND(J15="Alumínio",F15="Trifásico"),VLOOKUP(M15,'Iz''s'!$BU$10:$CB$27,3,FALSE))))) -> 23 | BQ15: =IF(AND(J15="Cobre",F15="Monofásico"),VLOOKUP(M15,'Iz''s'!$BL$10:$BS$28,4,FALSE),IF(AND(J15="Cobre",F15="Trifásico"),VLOOKUP(M15,'Iz''s'!$BL$10:$BS$28,5,FALSE),IF(AND(J15="Alumínio",F15="Monofásico"),VLOOKUP(M15,'Iz''s'!$BU$10:$CB$27,4,FALSE),IF(AND(J15="Alumínio",F15="Trifásico"),VLOOKUP(M15,'Iz''s'!$BU$10:$CB$27,5,FALSE))))) -> --- | BR15: =IF(AND(J15="Cobre",F15="Monofásico"),"N/A",IF(AND(J15="Cobre",F15="Trifásico"),VLOOKUP(M15,'Iz''s'!$BL$10:$BS$28,8,FALSE),IF(AND(J15="Alumínio",F15="Monofásico"),"N/A",IF(AND(J15="Alumínio",F15="Trifásico"),VLOOKUP(M15,'Iz''s'!$BU$10:$CB$27,8,FALSE))))) -> --- | BS15: =IF(AND(J15="Cobre",F15="Monofásico"),VLOOKUP(M15,'Iz''s'!$V$14:$Y$28,2,FALSE),IF(AND(J15="Cobre",F15="Trifásico"),VLOOKUP(M15,'Iz''s'!$V$14:$Y$28,3,FALSE),IF(AND(J15="Alumínio",F15="Monofásico"),VLOOKUP(M15,"N/A",4,FALSE),IF(AND(J15="Alumínio",F15="Trifásico"),VLOOKUP(M15,"N/A",4,FALSE))))) -> 21 | BT15: =IF(AND(J15="Cobre",F15="Monofásico"),VLOOKUP(M15,'Iz''s'!$AF$15:$AK$29,2,FALSE),IF(AND(J15="Cobre",F15="Trifásico"),VLOOKUP(M15,'Iz''s'!$AF$15:$AK$29,3,FALSE),IF(AND(J15="Alumínio",F15="Monofásico"),"N/A",IF(AND(J15="Alumínio",F15="Trifásico"),"N/A")))) -> 22 | BU15: =IF(AND(J15="Cobre",F15="Monofásico"),VLOOKUP(M15,'Iz''s'!$AF$15:$AK$29,2,FALSE),IF(AND(J15="Cobre",F15="Trifásico"),VLOOKUP(M15,'Iz''s'!$AF$15:$AK$29,3,FALSE),IF(AND(J15="Alumínio",F15="Monofásico"),"N/A",IF(AND(J15="Alumínio",F15="Trifásico"),"N/A")))) -> 22 | BV15: =IF(AND(J15="Cobre",F15="Monofásico"),"N/A",IF(AND(J15="Cobre",F15="Trifásico"),VLOOKUP(M15,'Iz''s'!$AF$15:$AK$29,6,FALSE),IF(AND(J15="Alumínio",F15="Monofásico"),"N/A",IF(AND(J15="Alumínio",F15="Trifásico"),"N/A")))) -> 32 | BW15: 13 | BY15: =VLOOKUP(M15,Consulta!$W$6:$AB$23,4,FALSE) -> 16 | BZ15: =VLOOKUP(M15,Consulta!$W$6:$AB$23,6,FALSE) -> 20 | CA15: =VLOOKUP(M15,Consulta!$AK$6:$AP$23,4,FALSE) -> 20 | CB15: =VLOOKUP(M15,Consulta!$AK$6:$AP$23,6,FALSE) -> 20 | CC15: =VLOOKUP(M15,Consulta!$AD$6:$AI$19,4,FALSE) -> #N/A | CD15: =VLOOKUP(M15,Consulta!$AD$6:$AI$19,6,FALSE) -> #N/A | CE15: =VLOOKUP(M15,Consulta!$AR$6:$AW$19,4,FALSE) -> #N/A | CF15: =VLOOKUP(M15,Consulta!$AR$6:$AW$19,6,FALSE) -> #N/A
C16: Maquina 5 | D16: 1 | E16: =22.25+5.6+6.6+5.2+0.6+1.5+3.85+4.5+4.1498+1.84897+6.8588 -> 62.95757 | F16: Trifásico | G16: Multicondutor | H16: 0.8 | I16: Cabo/Canalizações | J16: Cobre | K16: PVC | L16: 1 | M16: 1.5 | N16: E | O16: 13 | P16: =IF(K16="PVC",HLOOKUP(N16,$BA$3:$BI$104,BW16,FALSE),IF(OR(K16="XLPE",K16="EPR"),HLOOKUP(N16,$BJ$3:$BR$104,BW16,FALSE),IF(K16="Mineral",HLOOKUP(N16,$BS$3:$BV$104,BW16,FALSE),"N/A")))*L16 -> 18.5 | Q16: 3 | R16: 0.73 | S16: =IF(F16="Monofásico",(((D16*10^3)/H16)/230),(((D16*10^3)/H16)/(SQRT(3)*400))) -> 1.8042196 | T16: =P16*R16 -> 13.505 | U16: Disjuntor | V16: 6 | W16: =IF(U16="C.C.Fusíveis",VLOOKUP(V16,Consulta!$L$5:$N$31,3,FALSE),VLOOKUP(V16,Consulta!$P$5:$R$34,3,FALSE)) -> 8.1 | X16: =CEILING(1.45*P16,1) -> 27 | Y16: =S16/T16 -> 0.13359642 | Z16: =IF(AND(S16<=V16,V16<=P16,W16<=X16),"Sim","Não") -> Sim | AA16: =$AA$5+SQRT($AB$5^2+$AC$5^2) -> 0.09715639 | AB16: =(IF(J16="Cobre",(1.25*0.0225),(1.25*0.036)))*((E16/M16)/L16) -> 1.1804544 | AC16: =(IF(M16<10,0,(0.00008)))*(E16) -> 0 | AD16: =$AF$5 -> 2.9650225 | AE16: =IF(F16="Trifásico",S16*(AB16*H16+AC16*SIN(ACOS(H16))),2*S16*(AB16*H16+AC16*SIN(ACOS(H16)))) -> 1.7038392 | AF16: =AD16+AE16 -> 4.6688618 | AG16: =AE16/230 -> 0.0074079966 | AH16: =AF16/230 -> 0.020299399 | AI16: =IF(F16="Monofásico",(0.23/(SQRT((AB16^2)+(AC16^2))+AA16)),(0.4/(SQRT(3)*(SQRT((AB16^2)+(AC16^2))+AA16)))) -> 0.18075935 | AJ16: 3 | AK16: 0.1 | AL16: =IF(G16="Multicondutor",(IF(AND(J16="Cobre",K16="PVC"),115,IF(AND(J16="Cobre",K16="XLPE"),143,IF(AND(J16="Alumínio",K16="PVC"),76,IF(AND(J16="Alumínio",K16="XLPE"),94))))),(IF(AND(J16="Cobre",K16="PVC"),143,IF(AND(J16="Cobre",K16="XLPE"),176,IF(AND(J16="Alumínio",K16="PVC"),95,IF(AND(J16="Alumínio",K16="XLPE"),116)))))) -> 115 | AM16: =((AI16*1000)*SQRT(AK16))/AL16 -> 0.49705328 | AN16: =L16 -> 1 | AO16: × | AP16: [XV | AQ16: =IF(F16="Monofásico","3G",IF(AND(F16="Trifásico",M16<25),"5G","3×")) -> 5G | AR16: =M16 -> 1.5 | AS16: =IF(OR(AQ16="3G",AQ16="5G"),"","+2G") | AT16: =IF(OR(AQ16="3G",AQ16="5G"),"",VLOOKUP(AR16,Consulta!$T$5:$U$25,2,FALSE)) | AU16: mm2] | AV16: / | AW16: VD Ø | AX16: =IF(AND(F16="Monofásico",I16="Fio/Canalizações"),BY15,IF(AND(F16="Trifásico",I16="Fio/Canalizações"),BZ15,IF(AND(F16="Monofásico",I16="Cabo/Canalizações"),CA15,IF(AND(F16="Trifásico",I16="Cabo/Canalizações"),CB15,IF(AND(F16="Monofásico",I16="Fio/Colunas&Entradas"),CC15,IF(AND(F16="Trifásico",I16="Fio/Colunas&Entradas"),CD15,IF(AND(F16="Monofásico",I16="Cabo/Colunas&Entradas"),CE15,IF(AND(F16="Trifásico",I16="Cabo/Colunas&Entradas"),CF15)))))))) -> 20 | AY16: mm | BA16: =IF(AND(J16="Cobre",F16="Monofásico"),VLOOKUP(M16,'Iz''s'!$B$8:$E$23,2,FALSE),IF(AND(J16="Cobre",F16="Trifásico"),VLOOKUP(M16,'Iz''s'!$L$8:$O$23,2,FALSE),IF(AND(J16="Alumínio",F16="Monofásico"),VLOOKUP(M16,'Iz''s'!$B$25:$E$39,2,FALSE),IF(AND(J16="Alumínio",F16="Trifásico"),VLOOKUP(M16,'Iz''s'!$L$25:$O$39,2,FALSE))))) -> 13.5 | BB16: =IF(AND(J16="Cobre",F16="Monofásico"),VLOOKUP(M16,'Iz''s'!$CD$9:$CH$24,2,FALSE),IF(AND(J16="Cobre",F16="Trifásico"),VLOOKUP(M16,'Iz''s'!$CD$9:$CH$24,4,FALSE),IF(AND(J16="Alumínio",F16="Monofásico"),VLOOKUP(M16,'Iz''s'!$CD$26:$CH$40,2,FALSE),IF(AND(J16="Alumínio",F16="Trifásico"),VLOOKUP(M16,'Iz''s'!$CD$26:$CH$40,4,FALSE))))) -> 13 | BC16: =IF(AND(J16="Cobre",F16="Monofásico"),VLOOKUP(M16,'Iz''s'!$B$8:$E$23,3,FALSE),IF(AND(J16="Cobre",F16="Trifásico"),VLOOKUP(M16,'Iz''s'!$L$8:$O$23,3,FALSE),IF(AND(J16="Alumínio",F16="Monofásico"),VLOOKUP(M16,'Iz''s'!$B$25:$E$39,3,FALSE),IF(AND(J16="Alumínio",F16="Trifásico"),VLOOKUP(M16,'Iz''s'!$L$25:$O$39,3,FALSE))))) -> 15.5 | BD16: =IF(AND(J16="Cobre",F16="Monofásico"),VLOOKUP(M16,'Iz''s'!$CD$9:$CH$24,3,FALSE),IF(AND(J16="Cobre",F16="Trifásico"),VLOOKUP(M16,'Iz''s'!$CD$9:$CH$24,5,FALSE),IF(AND(J16="Alumínio",F16="Monofásico"),VLOOKUP(M16,'Iz''s'!$CD$26:$CH$40,3,FALSE),IF(AND(J16="Alumínio",F16="Trifásico"),VLOOKUP(M16,'Iz''s'!$CD$26:$CH$40,5,FALSE))))) -> 15 | BE16: =IF(AND(J16="Cobre",F16="Monofásico"),VLOOKUP(M16,'Iz''s'!$B$8:$E$23,4,FALSE),IF(AND(J16="Cobre",F16="Trifásico"),VLOOKUP(M16,'Iz''s'!$L$8:$O$23,4,FALSE),IF(AND(J16="Alumínio",F16="Monofásico"),VLOOKUP(M16,'Iz''s'!$B$25:$E$39,4,FALSE),IF(AND(J16="Alumínio",F16="Trifásico"),VLOOKUP(M16,'Iz''s'!$L$25:$O$39,4,FALSE))))) -> 17.5 | BF16: =IF(AND(J16="Cobre",F16="Monofásico"),VLOOKUP(M16,'Iz''s'!$CP$9:$CT$24,3,FALSE),IF(AND(J16="Cobre",F16="Trifásico"),VLOOKUP(M16,'Iz''s'!$CP$9:$CT$24,2,FALSE),IF(AND(J16="Alumínio",F16="Monofásico"),VLOOKUP(M16,'Iz''s'!$CP$26:$CT$37,3,FALSE),IF(AND(J16="Alumínio",F16="Trifásico"),VLOOKUP(M16,'Iz''s'!$CP$26:$CT$37,2,FALSE))))) -> 26 | BG16: =IF(AND(J16="Cobre",F16="Monofásico"),VLOOKUP(M16,'Iz''s'!$AT$10:$BA$28,2,FALSE),IF(AND(J16="Cobre",F16="Trifásico"),VLOOKUP(M16,'Iz''s'!$AT$10:$BA$28,3,FALSE),IF(AND(J16="Alumínio",F16="Monofásico"),VLOOKUP(M16,'Iz''s'!$BC$10:$BJ$27,2,FALSE),IF(AND(J16="Alumínio",F16="Trifásico"),VLOOKUP(M16,'Iz''s'!$BC$10:$BJ$27,3,FALSE))))) -> 18.5 | BH16: =IF(AND(J16="Cobre",F16="Monofásico"),VLOOKUP(M16,'Iz''s'!$AT$10:$BA$28,4,FALSE),IF(AND(J16="Cobre",F16="Trifásico"),VLOOKUP(M16,'Iz''s'!$AT$10:$BA$28,5,FALSE),IF(AND(J16="Alumínio",F16="Monofásico"),VLOOKUP(M16,'Iz''s'!$BC$10:$BJ$27,4,FALSE),IF(AND(J16="Alumínio",F16="Trifásico"),VLOOKUP(M16,'Iz''s'!$BC$10:$BJ$27,5,FALSE))))) -> --- | BI16: =IF(AND(J16="Cobre",F16="Monofásico"),"N/A",IF(AND(J16="Cobre",F16="Trifásico"),VLOOKUP(M16,'Iz''s'!$AT$10:$BA$28,8,FALSE),IF(AND(J16="Alumínio",F16="Monofásico"),"N/A",IF(AND(J16="Alumínio",F16="Trifásico"),VLOOKUP(M16,'Iz''s'!$BC$10:$BJ$27,8,FALSE))))) -> --- | BJ16: =IF(AND(J16="Cobre",F16="Monofásico"),VLOOKUP(M16,'Iz''s'!$G$8:$J$23,2,FALSE),IF(AND(J16="Cobre",F16="Trifásico"),VLOOKUP(M16,'Iz''s'!$Q$8:$T$23,2,FALSE),IF(AND(J16="Alumínio",F16="Monofásico"),VLOOKUP(M16,'Iz''s'!$G$25:$J$39,2,FALSE),IF(AND(J16="Alumínio",F16="Trifásico"),VLOOKUP(M16,'Iz''s'!$Q$25:$T$39,2,FALSE))))) -> 17 | BK16: =IF(AND(J16="Cobre",F16="Monofásico"),VLOOKUP(M16,'Iz''s'!$CJ$9:$CN$24,2,FALSE),IF(AND(J16="Cobre",F16="Trifásico"),VLOOKUP(M16,'Iz''s'!$CJ$9:$CN$24,4,FALSE),IF(AND(J16="Alumínio",F16="Monofásico"),VLOOKUP(M16,'Iz''s'!$CJ$26:$CN$40,2,FALSE),IF(AND(J16="Alumínio",F16="Trifásico"),VLOOKUP(M16,'Iz''s'!$CJ$26:$CN$40,4,FALSE))))) -> 16.5 | BL16: =IF(AND(J16="Cobre",F16="Monofásico"),VLOOKUP(M16,'Iz''s'!$G$8:$J$23,3,FALSE),IF(AND(J16="Cobre",F16="Trifásico"),VLOOKUP(M16,'Iz''s'!$Q$8:$T$23,3,FALSE),IF(AND(J16="Alumínio",F16="Monofásico"),VLOOKUP(M16,'Iz''s'!$G$25:$J$39,3,FALSE),IF(AND(J16="Alumínio",F16="Trifásico"),VLOOKUP(M16,'Iz''s'!$Q$25:$T$39,3,FALSE))))) -> 20 | BM16: =IF(AND(J16="Cobre",F16="Monofásico"),VLOOKUP(M16,'Iz''s'!$CJ$9:$CN$24,3,FALSE),IF(AND(J16="Cobre",F16="Trifásico"),VLOOKUP(M16,'Iz''s'!$CJ$9:$CN$24,5,FALSE),IF(AND(J16="Alumínio",F16="Monofásico"),VLOOKUP(M16,'Iz''s'!$CJ$26:$CN$40,3,FALSE),IF(AND(J16="Alumínio",F16="Trifásico"),VLOOKUP(M16,'Iz''s'!$CJ$26:$CN$40,5,FALSE))))) -> 19.5 | BN16: =IF(AND(J16="Cobre",F16="Monofásico"),VLOOKUP(M16,'Iz''s'!$G$8:$J$23,4,FALSE),IF(AND(J16="Cobre",F16="Trifásico"),VLOOKUP(M16,'Iz''s'!$Q$8:$T$23,4,FALSE),IF(AND(J16="Alumínio",F16="Monofásico"),VLOOKUP(M16,'Iz''s'!$G$25:$J$39,4,FALSE),IF(AND(J16="Alumínio",F16="Trifásico"),VLOOKUP(M16,'Iz''s'!$Q$25:$T$39,4,FALSE))))) -> 22 | BO16: =IF(AND(J16="Cobre",F16="Monofásico"),VLOOKUP(M16,'Iz''s'!$CP$9:$CT$24,5,FALSE),IF(AND(J16="Cobre",F16="Trifásico"),VLOOKUP(M16,'Iz''s'!$CP$9:$CT$24,4,FALSE),IF(AND(J16="Alumínio",F16="Monofásico"),VLOOKUP(M16,'Iz''s'!$CP$26:$CT$37,5,FALSE),IF(AND(J16="Alumínio",F16="Trifásico"),VLOOKUP(M16,'Iz''s'!$CP$26:$CT$37,4,FALSE))))) -> 31 | BP16: =IF(AND(J16="Cobre",F16="Monofásico"),VLOOKUP(M16,'Iz''s'!$BL$10:$BS$28,2,FALSE),IF(AND(J16="Cobre",F16="Trifásico"),VLOOKUP(M16,'Iz''s'!$BL$10:$BS$28,3,FALSE),IF(AND(J16="Alumínio",F16="Monofásico"),VLOOKUP(M16,'Iz''s'!$BU$10:$CB$27,2,FALSE),IF(AND(J16="Alumínio",F16="Trifásico"),VLOOKUP(M16,'Iz''s'!$BU$10:$CB$27,3,FALSE))))) -> 23 | BQ16: =IF(AND(J16="Cobre",F16="Monofásico"),VLOOKUP(M16,'Iz''s'!$BL$10:$BS$28,4,FALSE),IF(AND(J16="Cobre",F16="Trifásico"),VLOOKUP(M16,'Iz''s'!$BL$10:$BS$28,5,FALSE),IF(AND(J16="Alumínio",F16="Monofásico"),VLOOKUP(M16,'Iz''s'!$BU$10:$CB$27,4,FALSE),IF(AND(J16="Alumínio",F16="Trifásico"),VLOOKUP(M16,'Iz''s'!$BU$10:$CB$27,5,FALSE))))) -> --- | BR16: =IF(AND(J16="Cobre",F16="Monofásico"),"N/A",IF(AND(J16="Cobre",F16="Trifásico"),VLOOKUP(M16,'Iz''s'!$BL$10:$BS$28,8,FALSE),IF(AND(J16="Alumínio",F16="Monofásico"),"N/A",IF(AND(J16="Alumínio",F16="Trifásico"),VLOOKUP(M16,'Iz''s'!$BU$10:$CB$27,8,FALSE))))) -> --- | BS16: =IF(AND(J16="Cobre",F16="Monofásico"),VLOOKUP(M16,'Iz''s'!$V$14:$Y$28,2,FALSE),IF(AND(J16="Cobre",F16="Trifásico"),VLOOKUP(M16,'Iz''s'!$V$14:$Y$28,3,FALSE),IF(AND(J16="Alumínio",F16="Monofásico"),VLOOKUP(M16,"N/A",4,FALSE),IF(AND(J16="Alumínio",F16="Trifásico"),VLOOKUP(M16,"N/A",4,FALSE))))) -> 21 | BT16: =IF(AND(J16="Cobre",F16="Monofásico"),VLOOKUP(M16,'Iz''s'!$AF$15:$AK$29,2,FALSE),IF(AND(J16="Cobre",F16="Trifásico"),VLOOKUP(M16,'Iz''s'!$AF$15:$AK$29,3,FALSE),IF(AND(J16="Alumínio",F16="Monofásico"),"N/A",IF(AND(J16="Alumínio",F16="Trifásico"),"N/A")))) -> 22 | BU16: =IF(AND(J16="Cobre",F16="Monofásico"),VLOOKUP(M16,'Iz''s'!$AF$15:$AK$29,2,FALSE),IF(AND(J16="Cobre",F16="Trifásico"),VLOOKUP(M16,'Iz''s'!$AF$15:$AK$29,3,FALSE),IF(AND(J16="Alumínio",F16="Monofásico"),"N/A",IF(AND(J16="Alumínio",F16="Trifásico"),"N/A")))) -> 22 | BV16: =IF(AND(J16="Cobre",F16="Monofásico"),"N/A",IF(AND(J16="Cobre",F16="Trifásico"),VLOOKUP(M16,'Iz''s'!$AF$15:$AK$29,6,FALSE),IF(AND(J16="Alumínio",F16="Monofásico"),"N/A",IF(AND(J16="Alumínio",F16="Trifásico"),"N/A")))) -> 32 | BW16: 14 | BY16: =VLOOKUP(M16,Consulta!$W$6:$AB$23,4,FALSE) -> 16 | BZ16: =VLOOKUP(M16,Consulta!$W$6:$AB$23,6,FALSE) -> 20 | CA16: =VLOOKUP(M16,Consulta!$AK$6:$AP$23,4,FALSE) -> 20 | CB16: =VLOOKUP(M16,Consulta!$AK$6:$AP$23,6,FALSE) -> 20 | CC16: =VLOOKUP(M16,Consulta!$AD$6:$AI$19,4,FALSE) -> #N/A | CD16: =VLOOKUP(M16,Consulta!$AD$6:$AI$19,6,FALSE) -> #N/A | CE16: =VLOOKUP(M16,Consulta!$AR$6:$AW$19,4,FALSE) -> #N/A | CF16: =VLOOKUP(M16,Consulta!$AR$6:$AW$19,6,FALSE) -> #N/A
C17: Maquina 6 | D17: 1 | E17: =22.25+5.6+6.6+5.2+0.6+1.5+3.85+4.5+4.1498+5.4+0.832+6.943 -> 67.4248 | F17: Trifásico | G17: Multicondutor | H17: 0.8 | I17: Cabo/Canalizações | J17: Cobre | K17: PVC | L17: 1 | M17: 1.5 | N17: E | O17: 13 | P17: =IF(K17="PVC",HLOOKUP(N17,$BA$3:$BI$104,BW17,FALSE),IF(OR(K17="XLPE",K17="EPR"),HLOOKUP(N17,$BJ$3:$BR$104,BW17,FALSE),IF(K17="Mineral",HLOOKUP(N17,$BS$3:$BV$104,BW17,FALSE),"N/A")))*L17 -> 18.5 | Q17: 3 | R17: 0.73 | S17: =IF(F17="Monofásico",(((D17*10^3)/H17)/230),(((D17*10^3)/H17)/(SQRT(3)*400))) -> 1.8042196 | T17: =P17*R17 -> 13.505 | U17: Disjuntor | V17: 6 | W17: =IF(U17="C.C.Fusíveis",VLOOKUP(V17,Consulta!$L$5:$N$31,3,FALSE),VLOOKUP(V17,Consulta!$P$5:$R$34,3,FALSE)) -> 8.1 | X17: =CEILING(1.45*P17,1) -> 27 | Y17: =S17/T17 -> 0.13359642 | Z17: =IF(AND(S17<=V17,V17<=P17,W17<=X17),"Sim","Não") -> Sim | AA17: =$AA$5+SQRT($AB$5^2+$AC$5^2) -> 0.09715639 | AB17: =(IF(J17="Cobre",(1.25*0.0225),(1.25*0.036)))*((E17/M17)/L17) -> 1.264215 | AC17: =(IF(M17<10,0,(0.00008)))*(E17) -> 0 | AD17: =$AF$5 -> 2.9650225 | AE17: =IF(F17="Trifásico",S17*(AB17*H17+AC17*SIN(ACOS(H17))),2*S17*(AB17*H17+AC17*SIN(ACOS(H17)))) -> 1.8247372 | AF17: =AD17+AE17 -> 4.7897597 | AG17: =AE17/230 -> 0.0079336399 | AH17: =AF17/230 -> 0.020825042 | AI17: =IF(F17="Monofásico",(0.23/(SQRT((AB17^2)+(AC17^2))+AA17)),(0.4/(SQRT(3)*(SQRT((AB17^2)+(AC17^2))+AA17)))) -> 0.16963784 | AJ17: 3 | AK17: 0.1 | AL17: =IF(G17="Multicondutor",(IF(AND(J17="Cobre",K17="PVC"),115,IF(AND(J17="Cobre",K17="XLPE"),143,IF(AND(J17="Alumínio",K17="PVC"),76,IF(AND(J17="Alumínio",K17="XLPE"),94))))),(IF(AND(J17="Cobre",K17="PVC"),143,IF(AND(J17="Cobre",K17="XLPE"),176,IF(AND(J17="Alumínio",K17="PVC"),95,IF(AND(J17="Alumínio",K17="XLPE"),116)))))) -> 115 | AM17: =((AI17*1000)*SQRT(AK17))/AL17 -> 0.46647127 | AN17: =L17 -> 1 | AO17: × | AP17: [XV | AQ17: =IF(F17="Monofásico","3G",IF(AND(F17="Trifásico",M17<25),"5G","3×")) -> 5G | AR17: =M17 -> 1.5 | AS17: =IF(OR(AQ17="3G",AQ17="5G"),"","+2G") | AT17: =IF(OR(AQ17="3G",AQ17="5G"),"",VLOOKUP(AR17,Consulta!$T$5:$U$25,2,FALSE)) | AU17: mm2] | AV17: / | AW17: VD Ø | AX17: =IF(AND(F17="Monofásico",I17="Fio/Canalizações"),BY16,IF(AND(F17="Trifásico",I17="Fio/Canalizações"),BZ16,IF(AND(F17="Monofásico",I17="Cabo/Canalizações"),CA16,IF(AND(F17="Trifásico",I17="Cabo/Canalizações"),CB16,IF(AND(F17="Monofásico",I17="Fio/Colunas&Entradas"),CC16,IF(AND(F17="Trifásico",I17="Fio/Colunas&Entradas"),CD16,IF(AND(F17="Monofásico",I17="Cabo/Colunas&Entradas"),CE16,IF(AND(F17="Trifásico",I17="Cabo/Colunas&Entradas"),CF16)))))))) -> 20 | AY17: mm | BA17: =IF(AND(J17="Cobre",F17="Monofásico"),VLOOKUP(M17,'Iz''s'!$B$8:$E$23,2,FALSE),IF(AND(J17="Cobre",F17="Trifásico"),VLOOKUP(M17,'Iz''s'!$L$8:$O$23,2,FALSE),IF(AND(J17="Alumínio",F17="Monofásico"),VLOOKUP(M17,'Iz''s'!$B$25:$E$39,2,FALSE),IF(AND(J17="Alumínio",F17="Trifásico"),VLOOKUP(M17,'Iz''s'!$L$25:$O$39,2,FALSE))))) -> 13.5 | BB17: =IF(AND(J17="Cobre",F17="Monofásico"),VLOOKUP(M17,'Iz''s'!$CD$9:$CH$24,2,FALSE),IF(AND(J17="Cobre",F17="Trifásico"),VLOOKUP(M17,'Iz''s'!$CD$9:$CH$24,4,FALSE),IF(AND(J17="Alumínio",F17="Monofásico"),VLOOKUP(M17,'Iz''s'!$CD$26:$CH$40,2,FALSE),IF(AND(J17="Alumínio",F17="Trifásico"),VLOOKUP(M17,'Iz''s'!$CD$26:$CH$40,4,FALSE))))) -> 13 | BC17: =IF(AND(J17="Cobre",F17="Monofásico"),VLOOKUP(M17,'Iz''s'!$B$8:$E$23,3,FALSE),IF(AND(J17="Cobre",F17="Trifásico"),VLOOKUP(M17,'Iz''s'!$L$8:$O$23,3,FALSE),IF(AND(J17="Alumínio",F17="Monofásico"),VLOOKUP(M17,'Iz''s'!$B$25:$E$39,3,FALSE),IF(AND(J17="Alumínio",F17="Trifásico"),VLOOKUP(M17,'Iz''s'!$L$25:$O$39,3,FALSE))))) -> 15.5 | BD17: =IF(AND(J17="Cobre",F17="Monofásico"),VLOOKUP(M17,'Iz''s'!$CD$9:$CH$24,3,FALSE),IF(AND(J17="Cobre",F17="Trifásico"),VLOOKUP(M17,'Iz''s'!$CD$9:$CH$24,5,FALSE),IF(AND(J17="Alumínio",F17="Monofásico"),VLOOKUP(M17,'Iz''s'!$CD$26:$CH$40,3,FALSE),IF(AND(J17="Alumínio",F17="Trifásico"),VLOOKUP(M17,'Iz''s'!$CD$26:$CH$40,5,FALSE))))) -> 15 | BE17: =IF(AND(J17="Cobre",F17="Monofásico"),VLOOKUP(M17,'Iz''s'!$B$8:$E$23,4,FALSE),IF(AND(J17="Cobre",F17="Trifásico"),VLOOKUP(M17,'Iz''s'!$L$8:$O$23,4,FALSE),IF(AND(J17="Alumínio",F17="Monofásico"),VLOOKUP(M17,'Iz''s'!$B$25:$E$39,4,FALSE),IF(AND(J17="Alumínio",F17="Trifásico"),VLOOKUP(M17,'Iz''s'!$L$25:$O$39,4,FALSE))))) -> 17.5 | BF17: =IF(AND(J17="Cobre",F17="Monofásico"),VLOOKUP(M17,'Iz''s'!$CP$9:$CT$24,3,FALSE),IF(AND(J17="Cobre",F17="Trifásico"),VLOOKUP(M17,'Iz''s'!$CP$9:$CT$24,2,FALSE),IF(AND(J17="Alumínio",F17="Monofásico"),VLOOKUP(M17,'Iz''s'!$CP$26:$CT$37,3,FALSE),IF(AND(J17="Alumínio",F17="Trifásico"),VLOOKUP(M17,'Iz''s'!$CP$26:$CT$37,2,FALSE))))) -> 26 | BG17: =IF(AND(J17="Cobre",F17="Monofásico"),VLOOKUP(M17,'Iz''s'!$AT$10:$BA$28,2,FALSE),IF(AND(J17="Cobre",F17="Trifásico"),VLOOKUP(M17,'Iz''s'!$AT$10:$BA$28,3,FALSE),IF(AND(J17="Alumínio",F17="Monofásico"),VLOOKUP(M17,'Iz''s'!$BC$10:$BJ$27,2,FALSE),IF(AND(J17="Alumínio",F17="Trifásico"),VLOOKUP(M17,'Iz''s'!$BC$10:$BJ$27,3,FALSE))))) -> 18.5 | BH17: =IF(AND(J17="Cobre",F17="Monofásico"),VLOOKUP(M17,'Iz''s'!$AT$10:$BA$28,4,FALSE),IF(AND(J17="Cobre",F17="Trifásico"),VLOOKUP(M17,'Iz''s'!$AT$10:$BA$28,5,FALSE),IF(AND(J17="Alumínio",F17="Monofásico"),VLOOKUP(M17,'Iz''s'!$BC$10:$BJ$27,4,FALSE),IF(AND(J17="Alumínio",F17="Trifásico"),VLOOKUP(M17,'Iz''s'!$BC$10:$BJ$27,5,FALSE))))) -> --- | BI17: =IF(AND(J17="Cobre",F17="Monofásico"),"N/A",IF(AND(J17="Cobre",F17="Trifásico"),VLOOKUP(M17,'Iz''s'!$AT$10:$BA$28,8,FALSE),IF(AND(J17="Alumínio",F17="Monofásico"),"N/A",IF(AND(J17="Alumínio",F17="Trifásico"),VLOOKUP(M17,'Iz''s'!$BC$10:$BJ$27,8,FALSE))))) -> --- | BJ17: =IF(AND(J17="Cobre",F17="Monofásico"),VLOOKUP(M17,'Iz''s'!$G$8:$J$23,2,FALSE),IF(AND(J17="Cobre",F17="Trifásico"),VLOOKUP(M17,'Iz''s'!$Q$8:$T$23,2,FALSE),IF(AND(J17="Alumínio",F17="Monofásico"),VLOOKUP(M17,'Iz''s'!$G$25:$J$39,2,FALSE),IF(AND(J17="Alumínio",F17="Trifásico"),VLOOKUP(M17,'Iz''s'!$Q$25:$T$39,2,FALSE))))) -> 17 | BK17: =IF(AND(J17="Cobre",F17="Monofásico"),VLOOKUP(M17,'Iz''s'!$CJ$9:$CN$24,2,FALSE),IF(AND(J17="Cobre",F17="Trifásico"),VLOOKUP(M17,'Iz''s'!$CJ$9:$CN$24,4,FALSE),IF(AND(J17="Alumínio",F17="Monofásico"),VLOOKUP(M17,'Iz''s'!$CJ$26:$CN$40,2,FALSE),IF(AND(J17="Alumínio",F17="Trifásico"),VLOOKUP(M17,'Iz''s'!$CJ$26:$CN$40,4,FALSE))))) -> 16.5 | BL17: =IF(AND(J17="Cobre",F17="Monofásico"),VLOOKUP(M17,'Iz''s'!$G$8:$J$23,3,FALSE),IF(AND(J17="Cobre",F17="Trifásico"),VLOOKUP(M17,'Iz''s'!$Q$8:$T$23,3,FALSE),IF(AND(J17="Alumínio",F17="Monofásico"),VLOOKUP(M17,'Iz''s'!$G$25:$J$39,3,FALSE),IF(AND(J17="Alumínio",F17="Trifásico"),VLOOKUP(M17,'Iz''s'!$Q$25:$T$39,3,FALSE))))) -> 20 | BM17: =IF(AND(J17="Cobre",F17="Monofásico"),VLOOKUP(M17,'Iz''s'!$CJ$9:$CN$24,3,FALSE),IF(AND(J17="Cobre",F17="Trifásico"),VLOOKUP(M17,'Iz''s'!$CJ$9:$CN$24,5,FALSE),IF(AND(J17="Alumínio",F17="Monofásico"),VLOOKUP(M17,'Iz''s'!$CJ$26:$CN$40,3,FALSE),IF(AND(J17="Alumínio",F17="Trifásico"),VLOOKUP(M17,'Iz''s'!$CJ$26:$CN$40,5,FALSE))))) -> 19.5 | BN17: =IF(AND(J17="Cobre",F17="Monofásico"),VLOOKUP(M17,'Iz''s'!$G$8:$J$23,4,FALSE),IF(AND(J17="Cobre",F17="Trifásico"),VLOOKUP(M17,'Iz''s'!$Q$8:$T$23,4,FALSE),IF(AND(J17="Alumínio",F17="Monofásico"),VLOOKUP(M17,'Iz''s'!$G$25:$J$39,4,FALSE),IF(AND(J17="Alumínio",F17="Trifásico"),VLOOKUP(M17,'Iz''s'!$Q$25:$T$39,4,FALSE))))) -> 22 | BO17: =IF(AND(J17="Cobre",F17="Monofásico"),VLOOKUP(M17,'Iz''s'!$CP$9:$CT$24,5,FALSE),IF(AND(J17="Cobre",F17="Trifásico"),VLOOKUP(M17,'Iz''s'!$CP$9:$CT$24,4,FALSE),IF(AND(J17="Alumínio",F17="Monofásico"),VLOOKUP(M17,'Iz''s'!$CP$26:$CT$37,5,FALSE),IF(AND(J17="Alumínio",F17="Trifásico"),VLOOKUP(M17,'Iz''s'!$CP$26:$CT$37,4,FALSE))))) -> 31 | BP17: =IF(AND(J17="Cobre",F17="Monofásico"),VLOOKUP(M17,'Iz''s'!$BL$10:$BS$28,2,FALSE),IF(AND(J17="Cobre",F17="Trifásico"),VLOOKUP(M17,'Iz''s'!$BL$10:$BS$28,3,FALSE),IF(AND(J17="Alumínio",F17="Monofásico"),VLOOKUP(M17,'Iz''s'!$BU$10:$CB$27,2,FALSE),IF(AND(J17="Alumínio",F17="Trifásico"),VLOOKUP(M17,'Iz''s'!$BU$10:$CB$27,3,FALSE))))) -> 23 | BQ17: =IF(AND(J17="Cobre",F17="Monofásico"),VLOOKUP(M17,'Iz''s'!$BL$10:$BS$28,4,FALSE),IF(AND(J17="Cobre",F17="Trifásico"),VLOOKUP(M17,'Iz''s'!$BL$10:$BS$28,5,FALSE),IF(AND(J17="Alumínio",F17="Monofásico"),VLOOKUP(M17,'Iz''s'!$BU$10:$CB$27,4,FALSE),IF(AND(J17="Alumínio",F17="Trifásico"),VLOOKUP(M17,'Iz''s'!$BU$10:$CB$27,5,FALSE))))) -> --- | BR17: =IF(AND(J17="Cobre",F17="Monofásico"),"N/A",IF(AND(J17="Cobre",F17="Trifásico"),VLOOKUP(M17,'Iz''s'!$BL$10:$BS$28,8,FALSE),IF(AND(J17="Alumínio",F17="Monofásico"),"N/A",IF(AND(J17="Alumínio",F17="Trifásico"),VLOOKUP(M17,'Iz''s'!$BU$10:$CB$27,8,FALSE))))) -> --- | BS17: =IF(AND(J17="Cobre",F17="Monofásico"),VLOOKUP(M17,'Iz''s'!$V$14:$Y$28,2,FALSE),IF(AND(J17="Cobre",F17="Trifásico"),VLOOKUP(M17,'Iz''s'!$V$14:$Y$28,3,FALSE),IF(AND(J17="Alumínio",F17="Monofásico"),VLOOKUP(M17,"N/A",4,FALSE),IF(AND(J17="Alumínio",F17="Trifásico"),VLOOKUP(M17,"N/A",4,FALSE))))) -> 21 | BT17: =IF(AND(J17="Cobre",F17="Monofásico"),VLOOKUP(M17,'Iz''s'!$AF$15:$AK$29,2,FALSE),IF(AND(J17="Cobre",F17="Trifásico"),VLOOKUP(M17,'Iz''s'!$AF$15:$AK$29,3,FALSE),IF(AND(J17="Alumínio",F17="Monofásico"),"N/A",IF(AND(J17="Alumínio",F17="Trifásico"),"N/A")))) -> 22 | BU17: =IF(AND(J17="Cobre",F17="Monofásico"),VLOOKUP(M17,'Iz''s'!$AF$15:$AK$29,2,FALSE),IF(AND(J17="Cobre",F17="Trifásico"),VLOOKUP(M17,'Iz''s'!$AF$15:$AK$29,3,FALSE),IF(AND(J17="Alumínio",F17="Monofásico"),"N/A",IF(AND(J17="Alumínio",F17="Trifásico"),"N/A")))) -> 22 | BV17: =IF(AND(J17="Cobre",F17="Monofásico"),"N/A",IF(AND(J17="Cobre",F17="Trifásico"),VLOOKUP(M17,'Iz''s'!$AF$15:$AK$29,6,FALSE),IF(AND(J17="Alumínio",F17="Monofásico"),"N/A",IF(AND(J17="Alumínio",F17="Trifásico"),"N/A")))) -> 32 | BW17: 15 | BY17: =VLOOKUP(M17,Consulta!$W$6:$AB$23,4,FALSE) -> 16 | BZ17: =VLOOKUP(M17,Consulta!$W$6:$AB$23,6,FALSE) -> 20 | CA17: =VLOOKUP(M17,Consulta!$AK$6:$AP$23,4,FALSE) -> 20 | CB17: =VLOOKUP(M17,Consulta!$AK$6:$AP$23,6,FALSE) -> 20 | CC17: =VLOOKUP(M17,Consulta!$AD$6:$AI$19,4,FALSE) -> #N/A | CD17: =VLOOKUP(M17,Consulta!$AD$6:$AI$19,6,FALSE) -> #N/A | CE17: =VLOOKUP(M17,Consulta!$AR$6:$AW$19,4,FALSE) -> #N/A | CF17: =VLOOKUP(M17,Consulta!$AR$6:$AW$19,6,FALSE) -> #N/A
C18: Maquina 7 | D18: 1 | E18: =22.25+5.6+6.6+5.2+0.6+1.5+3.85+4.5+4.1498+5.4+4.9157+6.943 -> 71.5085 | F18: Trifásico | G18: Multicondutor | H18: 0.8 | I18: Cabo/Canalizações | J18: Cobre | K18: PVC | L18: 1 | M18: 1.5 | N18: E | O18: 13 | P18: =IF(K18="PVC",HLOOKUP(N18,$BA$3:$BI$104,BW18,FALSE),IF(OR(K18="XLPE",K18="EPR"),HLOOKUP(N18,$BJ$3:$BR$104,BW18,FALSE),IF(K18="Mineral",HLOOKUP(N18,$BS$3:$BV$104,BW18,FALSE),"N/A")))*L18 -> 18.5 | Q18: 3 | R18: 0.73 | S18: =IF(F18="Monofásico",(((D18*10^3)/H18)/230),(((D18*10^3)/H18)/(SQRT(3)*400))) -> 1.8042196 | T18: =P18*R18 -> 13.505 | U18: Disjuntor | V18: 6 | W18: =IF(U18="C.C.Fusíveis",VLOOKUP(V18,Consulta!$L$5:$N$31,3,FALSE),VLOOKUP(V18,Consulta!$P$5:$R$34,3,FALSE)) -> 8.1 | X18: =CEILING(1.45*P18,1) -> 27 | Y18: =S18/T18 -> 0.13359642 | Z18: =IF(AND(S18<=V18,V18<=P18,W18<=X18),"Sim","Não") -> Sim | AA18: =$AA$5+SQRT($AB$5^2+$AC$5^2) -> 0.09715639 | AB18: =(IF(J18="Cobre",(1.25*0.0225),(1.25*0.036)))*((E18/M18)/L18) -> 1.3407844 | AC18: =(IF(M18<10,0,(0.00008)))*(E18) -> 0 | AD18: =$AF$5 -> 2.9650225 | AE18: =IF(F18="Trifásico",S18*(AB18*H18+AC18*SIN(ACOS(H18))),2*S18*(AB18*H18+AC18*SIN(ACOS(H18)))) -> 1.9352555 | AF18: =AD18+AE18 -> 4.9002781 | AG18: =AE18/230 -> 0.0084141546 | AH18: =AF18/230 -> 0.021305557 | AI18: =IF(F18="Monofásico",(0.23/(SQRT((AB18^2)+(AC18^2))+AA18)),(0.4/(SQRT(3)*(SQRT((AB18^2)+(AC18^2))+AA18)))) -> 0.16060474 | AJ18: 3 | AK18: 0.1 | AL18: =IF(G18="Multicondutor",(IF(AND(J18="Cobre",K18="PVC"),115,IF(AND(J18="Cobre",K18="XLPE"),143,IF(AND(J18="Alumínio",K18="PVC"),76,IF(AND(J18="Alumínio",K18="XLPE"),94))))),(IF(AND(J18="Cobre",K18="PVC"),143,IF(AND(J18="Cobre",K18="XLPE"),176,IF(AND(J18="Alumínio",K18="PVC"),95,IF(AND(J18="Alumínio",K18="XLPE"),116)))))) -> 115 | AM18: =((AI18*1000)*SQRT(AK18))/AL18 -> 0.44163199 | AN18: =L18 -> 1 | AO18: × | AP18: [XV | AQ18: =IF(F18="Monofásico","3G",IF(AND(F18="Trifásico",M18<25),"5G","3×")) -> 5G | AR18: =M18 -> 1.5 | AS18: =IF(OR(AQ18="3G",AQ18="5G"),"","+2G") | AT18: =IF(OR(AQ18="3G",AQ18="5G"),"",VLOOKUP(AR18,Consulta!$T$5:$U$25,2,FALSE)) | AU18: mm2] | AV18: / | AW18: VD Ø | AX18: =IF(AND(F18="Monofásico",I18="Fio/Canalizações"),BY17,IF(AND(F18="Trifásico",I18="Fio/Canalizações"),BZ17,IF(AND(F18="Monofásico",I18="Cabo/Canalizações"),CA17,IF(AND(F18="Trifásico",I18="Cabo/Canalizações"),CB17,IF(AND(F18="Monofásico",I18="Fio/Colunas&Entradas"),CC17,IF(AND(F18="Trifásico",I18="Fio/Colunas&Entradas"),CD17,IF(AND(F18="Monofásico",I18="Cabo/Colunas&Entradas"),CE17,IF(AND(F18="Trifásico",I18="Cabo/Colunas&Entradas"),CF17)))))))) -> 20 | AY18: mm | BA18: =IF(AND(J18="Cobre",F18="Monofásico"),VLOOKUP(M18,'Iz''s'!$B$8:$E$23,2,FALSE),IF(AND(J18="Cobre",F18="Trifásico"),VLOOKUP(M18,'Iz''s'!$L$8:$O$23,2,FALSE),IF(AND(J18="Alumínio",F18="Monofásico"),VLOOKUP(M18,'Iz''s'!$B$25:$E$39,2,FALSE),IF(AND(J18="Alumínio",F18="Trifásico"),VLOOKUP(M18,'Iz''s'!$L$25:$O$39,2,FALSE))))) -> 13.5 | BB18: =IF(AND(J18="Cobre",F18="Monofásico"),VLOOKUP(M18,'Iz''s'!$CD$9:$CH$24,2,FALSE),IF(AND(J18="Cobre",F18="Trifásico"),VLOOKUP(M18,'Iz''s'!$CD$9:$CH$24,4,FALSE),IF(AND(J18="Alumínio",F18="Monofásico"),VLOOKUP(M18,'Iz''s'!$CD$26:$CH$40,2,FALSE),IF(AND(J18="Alumínio",F18="Trifásico"),VLOOKUP(M18,'Iz''s'!$CD$26:$CH$40,4,FALSE))))) -> 13 | BC18: =IF(AND(J18="Cobre",F18="Monofásico"),VLOOKUP(M18,'Iz''s'!$B$8:$E$23,3,FALSE),IF(AND(J18="Cobre",F18="Trifásico"),VLOOKUP(M18,'Iz''s'!$L$8:$O$23,3,FALSE),IF(AND(J18="Alumínio",F18="Monofásico"),VLOOKUP(M18,'Iz''s'!$B$25:$E$39,3,FALSE),IF(AND(J18="Alumínio",F18="Trifásico"),VLOOKUP(M18,'Iz''s'!$L$25:$O$39,3,FALSE))))) -> 15.5 | BD18: =IF(AND(J18="Cobre",F18="Monofásico"),VLOOKUP(M18,'Iz''s'!$CD$9:$CH$24,3,FALSE),IF(AND(J18="Cobre",F18="Trifásico"),VLOOKUP(M18,'Iz''s'!$CD$9:$CH$24,5,FALSE),IF(AND(J18="Alumínio",F18="Monofásico"),VLOOKUP(M18,'Iz''s'!$CD$26:$CH$40,3,FALSE),IF(AND(J18="Alumínio",F18="Trifásico"),VLOOKUP(M18,'Iz''s'!$CD$26:$CH$40,5,FALSE))))) -> 15 | BE18: =IF(AND(J18="Cobre",F18="Monofásico"),VLOOKUP(M18,'Iz''s'!$B$8:$E$23,4,FALSE),IF(AND(J18="Cobre",F18="Trifásico"),VLOOKUP(M18,'Iz''s'!$L$8:$O$23,4,FALSE),IF(AND(J18="Alumínio",F18="Monofásico"),VLOOKUP(M18,'Iz''s'!$B$25:$E$39,4,FALSE),IF(AND(J18="Alumínio",F18="Trifásico"),VLOOKUP(M18,'Iz''s'!$L$25:$O$39,4,FALSE))))) -> 17.5 | BF18: =IF(AND(J18="Cobre",F18="Monofásico"),VLOOKUP(M18,'Iz''s'!$CP$9:$CT$24,3,FALSE),IF(AND(J18="Cobre",F18="Trifásico"),VLOOKUP(M18,'Iz''s'!$CP$9:$CT$24,2,FALSE),IF(AND(J18="Alumínio",F18="Monofásico"),VLOOKUP(M18,'Iz''s'!$CP$26:$CT$37,3,FALSE),IF(AND(J18="Alumínio",F18="Trifásico"),VLOOKUP(M18,'Iz''s'!$CP$26:$CT$37,2,FALSE))))) -> 26 | BG18: =IF(AND(J18="Cobre",F18="Monofásico"),VLOOKUP(M18,'Iz''s'!$AT$10:$BA$28,2,FALSE),IF(AND(J18="Cobre",F18="Trifásico"),VLOOKUP(M18,'Iz''s'!$AT$10:$BA$28,3,FALSE),IF(AND(J18="Alumínio",F18="Monofásico"),VLOOKUP(M18,'Iz''s'!$BC$10:$BJ$27,2,FALSE),IF(AND(J18="Alumínio",F18="Trifásico"),VLOOKUP(M18,'Iz''s'!$BC$10:$BJ$27,3,FALSE))))) -> 18.5 | BH18: =IF(AND(J18="Cobre",F18="Monofásico"),VLOOKUP(M18,'Iz''s'!$AT$10:$BA$28,4,FALSE),IF(AND(J18="Cobre",F18="Trifásico"),VLOOKUP(M18,'Iz''s'!$AT$10:$BA$28,5,FALSE),IF(AND(J18="Alumínio",F18="Monofásico"),VLOOKUP(M18,'Iz''s'!$BC$10:$BJ$27,4,FALSE),IF(AND(J18="Alumínio",F18="Trifásico"),VLOOKUP(M18,'Iz''s'!$BC$10:$BJ$27,5,FALSE))))) -> --- | BI18: =IF(AND(J18="Cobre",F18="Monofásico"),"N/A",IF(AND(J18="Cobre",F18="Trifásico"),VLOOKUP(M18,'Iz''s'!$AT$10:$BA$28,8,FALSE),IF(AND(J18="Alumínio",F18="Monofásico"),"N/A",IF(AND(J18="Alumínio",F18="Trifásico"),VLOOKUP(M18,'Iz''s'!$BC$10:$BJ$27,8,FALSE))))) -> --- | BJ18: =IF(AND(J18="Cobre",F18="Monofásico"),VLOOKUP(M18,'Iz''s'!$G$8:$J$23,2,FALSE),IF(AND(J18="Cobre",F18="Trifásico"),VLOOKUP(M18,'Iz''s'!$Q$8:$T$23,2,FALSE),IF(AND(J18="Alumínio",F18="Monofásico"),VLOOKUP(M18,'Iz''s'!$G$25:$J$39,2,FALSE),IF(AND(J18="Alumínio",F18="Trifásico"),VLOOKUP(M18,'Iz''s'!$Q$25:$T$39,2,FALSE))))) -> 17 | BK18: =IF(AND(J18="Cobre",F18="Monofásico"),VLOOKUP(M18,'Iz''s'!$CJ$9:$CN$24,2,FALSE),IF(AND(J18="Cobre",F18="Trifásico"),VLOOKUP(M18,'Iz''s'!$CJ$9:$CN$24,4,FALSE),IF(AND(J18="Alumínio",F18="Monofásico"),VLOOKUP(M18,'Iz''s'!$CJ$26:$CN$40,2,FALSE),IF(AND(J18="Alumínio",F18="Trifásico"),VLOOKUP(M18,'Iz''s'!$CJ$26:$CN$40,4,FALSE))))) -> 16.5 | BL18: =IF(AND(J18="Cobre",F18="Monofásico"),VLOOKUP(M18,'Iz''s'!$G$8:$J$23,3,FALSE),IF(AND(J18="Cobre",F18="Trifásico"),VLOOKUP(M18,'Iz''s'!$Q$8:$T$23,3,FALSE),IF(AND(J18="Alumínio",F18="Monofásico"),VLOOKUP(M18,'Iz''s'!$G$25:$J$39,3,FALSE),IF(AND(J18="Alumínio",F18="Trifásico"),VLOOKUP(M18,'Iz''s'!$Q$25:$T$39,3,FALSE))))) -> 20 | BM18: =IF(AND(J18="Cobre",F18="Monofásico"),VLOOKUP(M18,'Iz''s'!$CJ$9:$CN$24,3,FALSE),IF(AND(J18="Cobre",F18="Trifásico"),VLOOKUP(M18,'Iz''s'!$CJ$9:$CN$24,5,FALSE),IF(AND(J18="Alumínio",F18="Monofásico"),VLOOKUP(M18,'Iz''s'!$CJ$26:$CN$40,3,FALSE),IF(AND(J18="Alumínio",F18="Trifásico"),VLOOKUP(M18,'Iz''s'!$CJ$26:$CN$40,5,FALSE))))) -> 19.5 | BN18: =IF(AND(J18="Cobre",F18="Monofásico"),VLOOKUP(M18,'Iz''s'!$G$8:$J$23,4,FALSE),IF(AND(J18="Cobre",F18="Trifásico"),VLOOKUP(M18,'Iz''s'!$Q$8:$T$23,4,FALSE),IF(AND(J18="Alumínio",F18="Monofásico"),VLOOKUP(M18,'Iz''s'!$G$25:$J$39,4,FALSE),IF(AND(J18="Alumínio",F18="Trifásico"),VLOOKUP(M18,'Iz''s'!$Q$25:$T$39,4,FALSE))))) -> 22 | BO18: =IF(AND(J18="Cobre",F18="Monofásico"),VLOOKUP(M18,'Iz''s'!$CP$9:$CT$24,5,FALSE),IF(AND(J18="Cobre",F18="Trifásico"),VLOOKUP(M18,'Iz''s'!$CP$9:$CT$24,4,FALSE),IF(AND(J18="Alumínio",F18="Monofásico"),VLOOKUP(M18,'Iz''s'!$CP$26:$CT$37,5,FALSE),IF(AND(J18="Alumínio",F18="Trifásico"),VLOOKUP(M18,'Iz''s'!$CP$26:$CT$37,4,FALSE))))) -> 31 | BP18: =IF(AND(J18="Cobre",F18="Monofásico"),VLOOKUP(M18,'Iz''s'!$BL$10:$BS$28,2,FALSE),IF(AND(J18="Cobre",F18="Trifásico"),VLOOKUP(M18,'Iz''s'!$BL$10:$BS$28,3,FALSE),IF(AND(J18="Alumínio",F18="Monofásico"),VLOOKUP(M18,'Iz''s'!$BU$10:$CB$27,2,FALSE),IF(AND(J18="Alumínio",F18="Trifásico"),VLOOKUP(M18,'Iz''s'!$BU$10:$CB$27,3,FALSE))))) -> 23 | BQ18: =IF(AND(J18="Cobre",F18="Monofásico"),VLOOKUP(M18,'Iz''s'!$BL$10:$BS$28,4,FALSE),IF(AND(J18="Cobre",F18="Trifásico"),VLOOKUP(M18,'Iz''s'!$BL$10:$BS$28,5,FALSE),IF(AND(J18="Alumínio",F18="Monofásico"),VLOOKUP(M18,'Iz''s'!$BU$10:$CB$27,4,FALSE),IF(AND(J18="Alumínio",F18="Trifásico"),VLOOKUP(M18,'Iz''s'!$BU$10:$CB$27,5,FALSE))))) -> --- | BR18: =IF(AND(J18="Cobre",F18="Monofásico"),"N/A",IF(AND(J18="Cobre",F18="Trifásico"),VLOOKUP(M18,'Iz''s'!$BL$10:$BS$28,8,FALSE),IF(AND(J18="Alumínio",F18="Monofásico"),"N/A",IF(AND(J18="Alumínio",F18="Trifásico"),VLOOKUP(M18,'Iz''s'!$BU$10:$CB$27,8,FALSE))))) -> --- | BS18: =IF(AND(J18="Cobre",F18="Monofásico"),VLOOKUP(M18,'Iz''s'!$V$14:$Y$28,2,FALSE),IF(AND(J18="Cobre",F18="Trifásico"),VLOOKUP(M18,'Iz''s'!$V$14:$Y$28,3,FALSE),IF(AND(J18="Alumínio",F18="Monofásico"),VLOOKUP(M18,"N/A",4,FALSE),IF(AND(J18="Alumínio",F18="Trifásico"),VLOOKUP(M18,"N/A",4,FALSE))))) -> 21 | BT18: =IF(AND(J18="Cobre",F18="Monofásico"),VLOOKUP(M18,'Iz''s'!$AF$15:$AK$29,2,FALSE),IF(AND(J18="Cobre",F18="Trifásico"),VLOOKUP(M18,'Iz''s'!$AF$15:$AK$29,3,FALSE),IF(AND(J18="Alumínio",F18="Monofásico"),"N/A",IF(AND(J18="Alumínio",F18="Trifásico"),"N/A")))) -> 22 | BU18: =IF(AND(J18="Cobre",F18="Monofásico"),VLOOKUP(M18,'Iz''s'!$AF$15:$AK$29,2,FALSE),IF(AND(J18="Cobre",F18="Trifásico"),VLOOKUP(M18,'Iz''s'!$AF$15:$AK$29,3,FALSE),IF(AND(J18="Alumínio",F18="Monofásico"),"N/A",IF(AND(J18="Alumínio",F18="Trifásico"),"N/A")))) -> 22 | BV18: =IF(AND(J18="Cobre",F18="Monofásico"),"N/A",IF(AND(J18="Cobre",F18="Trifásico"),VLOOKUP(M18,'Iz''s'!$AF$15:$AK$29,6,FALSE),IF(AND(J18="Alumínio",F18="Monofásico"),"N/A",IF(AND(J18="Alumínio",F18="Trifásico"),"N/A")))) -> 32 | BW18: 16 | BY18: =VLOOKUP(M18,Consulta!$W$6:$AB$23,4,FALSE) -> 16 | BZ18: =VLOOKUP(M18,Consulta!$W$6:$AB$23,6,FALSE) -> 20 | CA18: =VLOOKUP(M18,Consulta!$AK$6:$AP$23,4,FALSE) -> 20 | CB18: =VLOOKUP(M18,Consulta!$AK$6:$AP$23,6,FALSE) -> 20 | CC18: =VLOOKUP(M18,Consulta!$AD$6:$AI$19,4,FALSE) -> #N/A | CD18: =VLOOKUP(M18,Consulta!$AD$6:$AI$19,6,FALSE) -> #N/A | CE18: =VLOOKUP(M18,Consulta!$AR$6:$AW$19,4,FALSE) -> #N/A | CF18: =VLOOKUP(M18,Consulta!$AR$6:$AW$19,6,FALSE) -> #N/A
C19: Portao Motorizado 1 | D19: 0.75 | E19: =22.25+4.6+4 -> 30.85 | F19: Trifásico | G19: Multicondutor | H19: 0.8 | I19: Cabo/Canalizações | J19: Cobre | K19: PVC | L19: 1 | M19: 1.5 | N19: E | O19: 13 | P19: =IF(K19="PVC",HLOOKUP(N19,$BA$3:$BI$104,BW19,FALSE),IF(OR(K19="XLPE",K19="EPR"),HLOOKUP(N19,$BJ$3:$BR$104,BW19,FALSE),IF(K19="Mineral",HLOOKUP(N19,$BS$3:$BV$104,BW19,FALSE),"N/A")))*L19 -> 18.5 | Q19: 3 | R19: 0.73 | S19: =IF(F19="Monofásico",(((D19*10^3)/H19)/230),(((D19*10^3)/H19)/(SQRT(3)*400))) -> 1.3531647 | T19: =P19*R19 -> 13.505 | U19: Disjuntor | V19: 6 | W19: =IF(U19="C.C.Fusíveis",VLOOKUP(V19,Consulta!$L$5:$N$31,3,FALSE),VLOOKUP(V19,Consulta!$P$5:$R$34,3,FALSE)) -> 8.1 | X19: =CEILING(1.45*P19,1) -> 27 | Y19: =S19/T19 -> 0.10019731 | Z19: =IF(AND(S19<=V19,V19<=P19,W19<=X19),"Sim","Não") -> Sim | AA19: =$AA$5+SQRT($AB$5^2+$AC$5^2) -> 0.09715639 | AB19: =(IF(J19="Cobre",(1.25*0.0225),(1.25*0.036)))*((E19/M19)/L19) -> 0.5784375 | AC19: =(IF(M19<10,0,(0.00008)))*(E19) -> 0 | AD19: =$AF$5 -> 2.9650225 | AE19: =IF(F19="Trifásico",S19*(AB19*H19+AC19*SIN(ACOS(H19))),2*S19*(AB19*H19+AC19*SIN(ACOS(H19)))) -> 0.62617696 | AF19: =AD19+AE19 -> 3.5911995 | AG19: =AE19/230 -> 0.0027225085 | AH19: =AF19/230 -> 0.015613911 | AI19: =IF(F19="Monofásico",(0.23/(SQRT((AB19^2)+(AC19^2))+AA19)),(0.4/(SQRT(3)*(SQRT((AB19^2)+(AC19^2))+AA19)))) -> 0.34183274 | AJ19: 3 | AK19: 0.1 | AL19: =IF(G19="Multicondutor",(IF(AND(J19="Cobre",K19="PVC"),115,IF(AND(J19="Cobre",K19="XLPE"),143,IF(AND(J19="Alumínio",K19="PVC"),76,IF(AND(J19="Alumínio",K19="XLPE"),94))))),(IF(AND(J19="Cobre",K19="PVC"),143,IF(AND(J19="Cobre",K19="XLPE"),176,IF(AND(J19="Alumínio",K19="PVC"),95,IF(AND(J19="Alumínio",K19="XLPE"),116)))))) -> 115 | AM19: =((AI19*1000)*SQRT(AK19))/AL19 -> 0.93997393 | AN19: =L19 -> 1 | AO19: × | AP19: [XV | AQ19: =IF(F19="Monofásico","3G",IF(AND(F19="Trifásico",M19<25),"5G","3×")) -> 5G | AR19: =M19 -> 1.5 | AS19: =IF(OR(AQ19="3G",AQ19="5G"),"","+2G") | AT19: =IF(OR(AQ19="3G",AQ19="5G"),"",VLOOKUP(AR19,Consulta!$T$5:$U$25,2,FALSE)) | AU19: mm2] | AV19: / | AW19: VD Ø | AX19: =IF(AND(F19="Monofásico",I19="Fio/Canalizações"),BY18,IF(AND(F19="Trifásico",I19="Fio/Canalizações"),BZ18,IF(AND(F19="Monofásico",I19="Cabo/Canalizações"),CA18,IF(AND(F19="Trifásico",I19="Cabo/Canalizações"),CB18,IF(AND(F19="Monofásico",I19="Fio/Colunas&Entradas"),CC18,IF(AND(F19="Trifásico",I19="Fio/Colunas&Entradas"),CD18,IF(AND(F19="Monofásico",I19="Cabo/Colunas&Entradas"),CE18,IF(AND(F19="Trifásico",I19="Cabo/Colunas&Entradas"),CF18)))))))) -> 20 | AY19: mm | BA19: =IF(AND(J19="Cobre",F19="Monofásico"),VLOOKUP(M19,'Iz''s'!$B$8:$E$23,2,FALSE),IF(AND(J19="Cobre",F19="Trifásico"),VLOOKUP(M19,'Iz''s'!$L$8:$O$23,2,FALSE),IF(AND(J19="Alumínio",F19="Monofásico"),VLOOKUP(M19,'Iz''s'!$B$25:$E$39,2,FALSE),IF(AND(J19="Alumínio",F19="Trifásico"),VLOOKUP(M19,'Iz''s'!$L$25:$O$39,2,FALSE))))) -> 13.5 | BB19: =IF(AND(J19="Cobre",F19="Monofásico"),VLOOKUP(M19,'Iz''s'!$CD$9:$CH$24,2,FALSE),IF(AND(J19="Cobre",F19="Trifásico"),VLOOKUP(M19,'Iz''s'!$CD$9:$CH$24,4,FALSE),IF(AND(J19="Alumínio",F19="Monofásico"),VLOOKUP(M19,'Iz''s'!$CD$26:$CH$40,2,FALSE),IF(AND(J19="Alumínio",F19="Trifásico"),VLOOKUP(M19,'Iz''s'!$CD$26:$CH$40,4,FALSE))))) -> 13 | BC19: =IF(AND(J19="Cobre",F19="Monofásico"),VLOOKUP(M19,'Iz''s'!$B$8:$E$23,3,FALSE),IF(AND(J19="Cobre",F19="Trifásico"),VLOOKUP(M19,'Iz''s'!$L$8:$O$23,3,FALSE),IF(AND(J19="Alumínio",F19="Monofásico"),VLOOKUP(M19,'Iz''s'!$B$25:$E$39,3,FALSE),IF(AND(J19="Alumínio",F19="Trifásico"),VLOOKUP(M19,'Iz''s'!$L$25:$O$39,3,FALSE))))) -> 15.5 | BD19: =IF(AND(J19="Cobre",F19="Monofásico"),VLOOKUP(M19,'Iz''s'!$CD$9:$CH$24,3,FALSE),IF(AND(J19="Cobre",F19="Trifásico"),VLOOKUP(M19,'Iz''s'!$CD$9:$CH$24,5,FALSE),IF(AND(J19="Alumínio",F19="Monofásico"),VLOOKUP(M19,'Iz''s'!$CD$26:$CH$40,3,FALSE),IF(AND(J19="Alumínio",F19="Trifásico"),VLOOKUP(M19,'Iz''s'!$CD$26:$CH$40,5,FALSE))))) -> 15 | BE19: =IF(AND(J19="Cobre",F19="Monofásico"),VLOOKUP(M19,'Iz''s'!$B$8:$E$23,4,FALSE),IF(AND(J19="Cobre",F19="Trifásico"),VLOOKUP(M19,'Iz''s'!$L$8:$O$23,4,FALSE),IF(AND(J19="Alumínio",F19="Monofásico"),VLOOKUP(M19,'Iz''s'!$B$25:$E$39,4,FALSE),IF(AND(J19="Alumínio",F19="Trifásico"),VLOOKUP(M19,'Iz''s'!$L$25:$O$39,4,FALSE))))) -> 17.5 | BF19: =IF(AND(J19="Cobre",F19="Monofásico"),VLOOKUP(M19,'Iz''s'!$CP$9:$CT$24,3,FALSE),IF(AND(J19="Cobre",F19="Trifásico"),VLOOKUP(M19,'Iz''s'!$CP$9:$CT$24,2,FALSE),IF(AND(J19="Alumínio",F19="Monofásico"),VLOOKUP(M19,'Iz''s'!$CP$26:$CT$37,3,FALSE),IF(AND(J19="Alumínio",F19="Trifásico"),VLOOKUP(M19,'Iz''s'!$CP$26:$CT$37,2,FALSE))))) -> 26 | BG19: =IF(AND(J19="Cobre",F19="Monofásico"),VLOOKUP(M19,'Iz''s'!$AT$10:$BA$28,2,FALSE),IF(AND(J19="Cobre",F19="Trifásico"),VLOOKUP(M19,'Iz''s'!$AT$10:$BA$28,3,FALSE),IF(AND(J19="Alumínio",F19="Monofásico"),VLOOKUP(M19,'Iz''s'!$BC$10:$BJ$27,2,FALSE),IF(AND(J19="Alumínio",F19="Trifásico"),VLOOKUP(M19,'Iz''s'!$BC$10:$BJ$27,3,FALSE))))) -> 18.5 | BH19: =IF(AND(J19="Cobre",F19="Monofásico"),VLOOKUP(M19,'Iz''s'!$AT$10:$BA$28,4,FALSE),IF(AND(J19="Cobre",F19="Trifásico"),VLOOKUP(M19,'Iz''s'!$AT$10:$BA$28,5,FALSE),IF(AND(J19="Alumínio",F19="Monofásico"),VLOOKUP(M19,'Iz''s'!$BC$10:$BJ$27,4,FALSE),IF(AND(J19="Alumínio",F19="Trifásico"),VLOOKUP(M19,'Iz''s'!$BC$10:$BJ$27,5,FALSE))))) -> --- | BI19: =IF(AND(J19="Cobre",F19="Monofásico"),"N/A",IF(AND(J19="Cobre",F19="Trifásico"),VLOOKUP(M19,'Iz''s'!$AT$10:$BA$28,8,FALSE),IF(AND(J19="Alumínio",F19="Monofásico"),"N/A",IF(AND(J19="Alumínio",F19="Trifásico"),VLOOKUP(M19,'Iz''s'!$BC$10:$BJ$27,8,FALSE))))) -> --- | BJ19: =IF(AND(J19="Cobre",F19="Monofásico"),VLOOKUP(M19,'Iz''s'!$G$8:$J$23,2,FALSE),IF(AND(J19="Cobre",F19="Trifásico"),VLOOKUP(M19,'Iz''s'!$Q$8:$T$23,2,FALSE),IF(AND(J19="Alumínio",F19="Monofásico"),VLOOKUP(M19,'Iz''s'!$G$25:$J$39,2,FALSE),IF(AND(J19="Alumínio",F19="Trifásico"),VLOOKUP(M19,'Iz''s'!$Q$25:$T$39,2,FALSE))))) -> 17 | BK19: =IF(AND(J19="Cobre",F19="Monofásico"),VLOOKUP(M19,'Iz''s'!$CJ$9:$CN$24,2,FALSE),IF(AND(J19="Cobre",F19="Trifásico"),VLOOKUP(M19,'Iz''s'!$CJ$9:$CN$24,4,FALSE),IF(AND(J19="Alumínio",F19="Monofásico"),VLOOKUP(M19,'Iz''s'!$CJ$26:$CN$40,2,FALSE),IF(AND(J19="Alumínio",F19="Trifásico"),VLOOKUP(M19,'Iz''s'!$CJ$26:$CN$40,4,FALSE))))) -> 16.5 | BL19: =IF(AND(J19="Cobre",F19="Monofásico"),VLOOKUP(M19,'Iz''s'!$G$8:$J$23,3,FALSE),IF(AND(J19="Cobre",F19="Trifásico"),VLOOKUP(M19,'Iz''s'!$Q$8:$T$23,3,FALSE),IF(AND(J19="Alumínio",F19="Monofásico"),VLOOKUP(M19,'Iz''s'!$G$25:$J$39,3,FALSE),IF(AND(J19="Alumínio",F19="Trifásico"),VLOOKUP(M19,'Iz''s'!$Q$25:$T$39,3,FALSE))))) -> 20 | BM19: =IF(AND(J19="Cobre",F19="Monofásico"),VLOOKUP(M19,'Iz''s'!$CJ$9:$CN$24,3,FALSE),IF(AND(J19="Cobre",F19="Trifásico"),VLOOKUP(M19,'Iz''s'!$CJ$9:$CN$24,5,FALSE),IF(AND(J19="Alumínio",F19="Monofásico"),VLOOKUP(M19,'Iz''s'!$CJ$26:$CN$40,3,FALSE),IF(AND(J19="Alumínio",F19="Trifásico"),VLOOKUP(M19,'Iz''s'!$CJ$26:$CN$40,5,FALSE))))) -> 19.5 | BN19: =IF(AND(J19="Cobre",F19="Monofásico"),VLOOKUP(M19,'Iz''s'!$G$8:$J$23,4,FALSE),IF(AND(J19="Cobre",F19="Trifásico"),VLOOKUP(M19,'Iz''s'!$Q$8:$T$23,4,FALSE),IF(AND(J19="Alumínio",F19="Monofásico"),VLOOKUP(M19,'Iz''s'!$G$25:$J$39,4,FALSE),IF(AND(J19="Alumínio",F19="Trifásico"),VLOOKUP(M19,'Iz''s'!$Q$25:$T$39,4,FALSE))))) -> 22 | BO19: =IF(AND(J19="Cobre",F19="Monofásico"),VLOOKUP(M19,'Iz''s'!$CP$9:$CT$24,5,FALSE),IF(AND(J19="Cobre",F19="Trifásico"),VLOOKUP(M19,'Iz''s'!$CP$9:$CT$24,4,FALSE),IF(AND(J19="Alumínio",F19="Monofásico"),VLOOKUP(M19,'Iz''s'!$CP$26:$CT$37,5,FALSE),IF(AND(J19="Alumínio",F19="Trifásico"),VLOOKUP(M19,'Iz''s'!$CP$26:$CT$37,4,FALSE))))) -> 31 | BP19: =IF(AND(J19="Cobre",F19="Monofásico"),VLOOKUP(M19,'Iz''s'!$BL$10:$BS$28,2,FALSE),IF(AND(J19="Cobre",F19="Trifásico"),VLOOKUP(M19,'Iz''s'!$BL$10:$BS$28,3,FALSE),IF(AND(J19="Alumínio",F19="Monofásico"),VLOOKUP(M19,'Iz''s'!$BU$10:$CB$27,2,FALSE),IF(AND(J19="Alumínio",F19="Trifásico"),VLOOKUP(M19,'Iz''s'!$BU$10:$CB$27,3,FALSE))))) -> 23 | BQ19: =IF(AND(J19="Cobre",F19="Monofásico"),VLOOKUP(M19,'Iz''s'!$BL$10:$BS$28,4,FALSE),IF(AND(J19="Cobre",F19="Trifásico"),VLOOKUP(M19,'Iz''s'!$BL$10:$BS$28,5,FALSE),IF(AND(J19="Alumínio",F19="Monofásico"),VLOOKUP(M19,'Iz''s'!$BU$10:$CB$27,4,FALSE),IF(AND(J19="Alumínio",F19="Trifásico"),VLOOKUP(M19,'Iz''s'!$BU$10:$CB$27,5,FALSE))))) -> --- | BR19: =IF(AND(J19="Cobre",F19="Monofásico"),"N/A",IF(AND(J19="Cobre",F19="Trifásico"),VLOOKUP(M19,'Iz''s'!$BL$10:$BS$28,8,FALSE),IF(AND(J19="Alumínio",F19="Monofásico"),"N/A",IF(AND(J19="Alumínio",F19="Trifásico"),VLOOKUP(M19,'Iz''s'!$BU$10:$CB$27,8,FALSE))))) -> --- | BS19: =IF(AND(J19="Cobre",F19="Monofásico"),VLOOKUP(M19,'Iz''s'!$V$14:$Y$28,2,FALSE),IF(AND(J19="Cobre",F19="Trifásico"),VLOOKUP(M19,'Iz''s'!$V$14:$Y$28,3,FALSE),IF(AND(J19="Alumínio",F19="Monofásico"),VLOOKUP(M19,"N/A",4,FALSE),IF(AND(J19="Alumínio",F19="Trifásico"),VLOOKUP(M19,"N/A",4,FALSE))))) -> 21 | BT19: =IF(AND(J19="Cobre",F19="Monofásico"),VLOOKUP(M19,'Iz''s'!$AF$15:$AK$29,2,FALSE),IF(AND(J19="Cobre",F19="Trifásico"),VLOOKUP(M19,'Iz''s'!$AF$15:$AK$29,3,FALSE),IF(AND(J19="Alumínio",F19="Monofásico"),"N/A",IF(AND(J19="Alumínio",F19="Trifásico"),"N/A")))) -> 22 | BU19: =IF(AND(J19="Cobre",F19="Monofásico"),VLOOKUP(M19,'Iz''s'!$AF$15:$AK$29,2,FALSE),IF(AND(J19="Cobre",F19="Trifásico"),VLOOKUP(M19,'Iz''s'!$AF$15:$AK$29,3,FALSE),IF(AND(J19="Alumínio",F19="Monofásico"),"N/A",IF(AND(J19="Alumínio",F19="Trifásico"),"N/A")))) -> 22 | BV19: =IF(AND(J19="Cobre",F19="Monofásico"),"N/A",IF(AND(J19="Cobre",F19="Trifásico"),VLOOKUP(M19,'Iz''s'!$AF$15:$AK$29,6,FALSE),IF(AND(J19="Alumínio",F19="Monofásico"),"N/A",IF(AND(J19="Alumínio",F19="Trifásico"),"N/A")))) -> 32 | BW19: 17 | BY19: =VLOOKUP(M19,Consulta!$W$6:$AB$23,4,FALSE) -> 16 | BZ19: =VLOOKUP(M19,Consulta!$W$6:$AB$23,6,FALSE) -> 20 | CA19: =VLOOKUP(M19,Consulta!$AK$6:$AP$23,4,FALSE) -> 20 | CB19: =VLOOKUP(M19,Consulta!$AK$6:$AP$23,6,FALSE) -> 20 | CC19: =VLOOKUP(M19,Consulta!$AD$6:$AI$19,4,FALSE) -> #N/A | CD19: =VLOOKUP(M19,Consulta!$AD$6:$AI$19,6,FALSE) -> #N/A | CE19: =VLOOKUP(M19,Consulta!$AR$6:$AW$19,4,FALSE) -> #N/A | CF19: =VLOOKUP(M19,Consulta!$AR$6:$AW$19,6,FALSE) -> #N/A
C20: Portao Motorizado 2 | D20: 0.75 | E20: =22.25+3.4+5.2+4+4.7+3.85+1.3+0.8+5.2+6.8+5+0.5 -> 63 | F20: Trifásico | G20: Multicondutor | H20: 0.8 | I20: Cabo/Canalizações | J20: Cobre | K20: PVC | L20: 1 | M20: 1.5 | N20: E | O20: 13 | P20: =IF(K20="PVC",HLOOKUP(N20,$BA$3:$BI$104,BW20,FALSE),IF(OR(K20="XLPE",K20="EPR"),HLOOKUP(N20,$BJ$3:$BR$104,BW20,FALSE),IF(K20="Mineral",HLOOKUP(N20,$BS$3:$BV$104,BW20,FALSE),"N/A")))*L20 -> 18.5 | Q20: 3 | R20: 0.73 | S20: =IF(F20="Monofásico",(((D20*10^3)/H20)/230),(((D20*10^3)/H20)/(SQRT(3)*400))) -> 1.3531647 | T20: =P20*R20 -> 13.505 | U20: Disjuntor | V20: 6 | W20: =IF(U20="C.C.Fusíveis",VLOOKUP(V20,Consulta!$L$5:$N$31,3,FALSE),VLOOKUP(V20,Consulta!$P$5:$R$34,3,FALSE)) -> 8.1 | X20: =CEILING(1.45*P20,1) -> 27 | Y20: =S20/T20 -> 0.10019731 | Z20: =IF(AND(S20<=V20,V20<=P20,W20<=X20),"Sim","Não") -> Sim | AA20: =$AA$5+SQRT($AB$5^2+$AC$5^2) -> 0.09715639 | AB20: =(IF(J20="Cobre",(1.25*0.0225),(1.25*0.036)))*((E20/M20)/L20) -> 1.18125 | AC20: =(IF(M20<10,0,(0.00008)))*(E20) -> 0 | AD20: =$AF$5 -> 2.9650225 | AE20: =IF(F20="Trifásico",S20*(AB20*H20+AC20*SIN(ACOS(H20))),2*S20*(AB20*H20+AC20*SIN(ACOS(H20)))) -> 1.2787406 | AF20: =AD20+AE20 -> 4.2437632 | AG20: =AE20/230 -> 0.0055597419 | AH20: =AF20/230 -> 0.018451144 | AI20: =IF(F20="Monofásico",(0.23/(SQRT((AB20^2)+(AC20^2))+AA20)),(0.4/(SQRT(3)*(SQRT((AB20^2)+(AC20^2))+AA20)))) -> 0.18064687 | AJ20: 3 | AK20: 0.1 | AL20: =IF(G20="Multicondutor",(IF(AND(J20="Cobre",K20="PVC"),115,IF(AND(J20="Cobre",K20="XLPE"),143,IF(AND(J20="Alumínio",K20="PVC"),76,IF(AND(J20="Alumínio",K20="XLPE"),94))))),(IF(AND(J20="Cobre",K20="PVC"),143,IF(AND(J20="Cobre",K20="XLPE"),176,IF(AND(J20="Alumínio",K20="PVC"),95,IF(AND(J20="Alumínio",K20="XLPE"),116)))))) -> 115 | AM20: =((AI20*1000)*SQRT(AK20))/AL20 -> 0.49674396 | AN20: =L20 -> 1 | AO20: × | AP20: [XV | AQ20: =IF(F20="Monofásico","3G",IF(AND(F20="Trifásico",M20<25),"5G","3×")) -> 5G | AR20: =M20 -> 1.5 | AS20: =IF(OR(AQ20="3G",AQ20="5G"),"","+2G") | AT20: =IF(OR(AQ20="3G",AQ20="5G"),"",VLOOKUP(AR20,Consulta!$T$5:$U$25,2,FALSE)) | AU20: mm2] | AV20: / | AW20: VD Ø | AX20: =IF(AND(F20="Monofásico",I20="Fio/Canalizações"),BY19,IF(AND(F20="Trifásico",I20="Fio/Canalizações"),BZ19,IF(AND(F20="Monofásico",I20="Cabo/Canalizações"),CA19,IF(AND(F20="Trifásico",I20="Cabo/Canalizações"),CB19,IF(AND(F20="Monofásico",I20="Fio/Colunas&Entradas"),CC19,IF(AND(F20="Trifásico",I20="Fio/Colunas&Entradas"),CD19,IF(AND(F20="Monofásico",I20="Cabo/Colunas&Entradas"),CE19,IF(AND(F20="Trifásico",I20="Cabo/Colunas&Entradas"),CF19)))))))) -> 20 | AY20: mm | BA20: =IF(AND(J20="Cobre",F20="Monofásico"),VLOOKUP(M20,'Iz''s'!$B$8:$E$23,2,FALSE),IF(AND(J20="Cobre",F20="Trifásico"),VLOOKUP(M20,'Iz''s'!$L$8:$O$23,2,FALSE),IF(AND(J20="Alumínio",F20="Monofásico"),VLOOKUP(M20,'Iz''s'!$B$25:$E$39,2,FALSE),IF(AND(J20="Alumínio",F20="Trifásico"),VLOOKUP(M20,'Iz''s'!$L$25:$O$39,2,FALSE))))) -> 13.5 | BB20: =IF(AND(J20="Cobre",F20="Monofásico"),VLOOKUP(M20,'Iz''s'!$CD$9:$CH$24,2,FALSE),IF(AND(J20="Cobre",F20="Trifásico"),VLOOKUP(M20,'Iz''s'!$CD$9:$CH$24,4,FALSE),IF(AND(J20="Alumínio",F20="Monofásico"),VLOOKUP(M20,'Iz''s'!$CD$26:$CH$40,2,FALSE),IF(AND(J20="Alumínio",F20="Trifásico"),VLOOKUP(M20,'Iz''s'!$CD$26:$CH$40,4,FALSE))))) -> 13 | BC20: =IF(AND(J20="Cobre",F20="Monofásico"),VLOOKUP(M20,'Iz''s'!$B$8:$E$23,3,FALSE),IF(AND(J20="Cobre",F20="Trifásico"),VLOOKUP(M20,'Iz''s'!$L$8:$O$23,3,FALSE),IF(AND(J20="Alumínio",F20="Monofásico"),VLOOKUP(M20,'Iz''s'!$B$25:$E$39,3,FALSE),IF(AND(J20="Alumínio",F20="Trifásico"),VLOOKUP(M20,'Iz''s'!$L$25:$O$39,3,FALSE))))) -> 15.5 | BD20: =IF(AND(J20="Cobre",F20="Monofásico"),VLOOKUP(M20,'Iz''s'!$CD$9:$CH$24,3,FALSE),IF(AND(J20="Cobre",F20="Trifásico"),VLOOKUP(M20,'Iz''s'!$CD$9:$CH$24,5,FALSE),IF(AND(J20="Alumínio",F20="Monofásico"),VLOOKUP(M20,'Iz''s'!$CD$26:$CH$40,3,FALSE),IF(AND(J20="Alumínio",F20="Trifásico"),VLOOKUP(M20,'Iz''s'!$CD$26:$CH$40,5,FALSE))))) -> 15 | BE20: =IF(AND(J20="Cobre",F20="Monofásico"),VLOOKUP(M20,'Iz''s'!$B$8:$E$23,4,FALSE),IF(AND(J20="Cobre",F20="Trifásico"),VLOOKUP(M20,'Iz''s'!$L$8:$O$23,4,FALSE),IF(AND(J20="Alumínio",F20="Monofásico"),VLOOKUP(M20,'Iz''s'!$B$25:$E$39,4,FALSE),IF(AND(J20="Alumínio",F20="Trifásico"),VLOOKUP(M20,'Iz''s'!$L$25:$O$39,4,FALSE))))) -> 17.5 | BF20: =IF(AND(J20="Cobre",F20="Monofásico"),VLOOKUP(M20,'Iz''s'!$CP$9:$CT$24,3,FALSE),IF(AND(J20="Cobre",F20="Trifásico"),VLOOKUP(M20,'Iz''s'!$CP$9:$CT$24,2,FALSE),IF(AND(J20="Alumínio",F20="Monofásico"),VLOOKUP(M20,'Iz''s'!$CP$26:$CT$37,3,FALSE),IF(AND(J20="Alumínio",F20="Trifásico"),VLOOKUP(M20,'Iz''s'!$CP$26:$CT$37,2,FALSE))))) -> 26 | BG20: =IF(AND(J20="Cobre",F20="Monofásico"),VLOOKUP(M20,'Iz''s'!$AT$10:$BA$28,2,FALSE),IF(AND(J20="Cobre",F20="Trifásico"),VLOOKUP(M20,'Iz''s'!$AT$10:$BA$28,3,FALSE),IF(AND(J20="Alumínio",F20="Monofásico"),VLOOKUP(M20,'Iz''s'!$BC$10:$BJ$27,2,FALSE),IF(AND(J20="Alumínio",F20="Trifásico"),VLOOKUP(M20,'Iz''s'!$BC$10:$BJ$27,3,FALSE))))) -> 18.5 | BH20: =IF(AND(J20="Cobre",F20="Monofásico"),VLOOKUP(M20,'Iz''s'!$AT$10:$BA$28,4,FALSE),IF(AND(J20="Cobre",F20="Trifásico"),VLOOKUP(M20,'Iz''s'!$AT$10:$BA$28,5,FALSE),IF(AND(J20="Alumínio",F20="Monofásico"),VLOOKUP(M20,'Iz''s'!$BC$10:$BJ$27,4,FALSE),IF(AND(J20="Alumínio",F20="Trifásico"),VLOOKUP(M20,'Iz''s'!$BC$10:$BJ$27,5,FALSE))))) -> --- | BI20: =IF(AND(J20="Cobre",F20="Monofásico"),"N/A",IF(AND(J20="Cobre",F20="Trifásico"),VLOOKUP(M20,'Iz''s'!$AT$10:$BA$28,8,FALSE),IF(AND(J20="Alumínio",F20="Monofásico"),"N/A",IF(AND(J20="Alumínio",F20="Trifásico"),VLOOKUP(M20,'Iz''s'!$BC$10:$BJ$27,8,FALSE))))) -> --- | BJ20: =IF(AND(J20="Cobre",F20="Monofásico"),VLOOKUP(M20,'Iz''s'!$G$8:$J$23,2,FALSE),IF(AND(J20="Cobre",F20="Trifásico"),VLOOKUP(M20,'Iz''s'!$Q$8:$T$23,2,FALSE),IF(AND(J20="Alumínio",F20="Monofásico"),VLOOKUP(M20,'Iz''s'!$G$25:$J$39,2,FALSE),IF(AND(J20="Alumínio",F20="Trifásico"),VLOOKUP(M20,'Iz''s'!$Q$25:$T$39,2,FALSE))))) -> 17 | BK20: =IF(AND(J20="Cobre",F20="Monofásico"),VLOOKUP(M20,'Iz''s'!$CJ$9:$CN$24,2,FALSE),IF(AND(J20="Cobre",F20="Trifásico"),VLOOKUP(M20,'Iz''s'!$CJ$9:$CN$24,4,FALSE),IF(AND(J20="Alumínio",F20="Monofásico"),VLOOKUP(M20,'Iz''s'!$CJ$26:$CN$40,2,FALSE),IF(AND(J20="Alumínio",F20="Trifásico"),VLOOKUP(M20,'Iz''s'!$CJ$26:$CN$40,4,FALSE))))) -> 16.5 | BL20: =IF(AND(J20="Cobre",F20="Monofásico"),VLOOKUP(M20,'Iz''s'!$G$8:$J$23,3,FALSE),IF(AND(J20="Cobre",F20="Trifásico"),VLOOKUP(M20,'Iz''s'!$Q$8:$T$23,3,FALSE),IF(AND(J20="Alumínio",F20="Monofásico"),VLOOKUP(M20,'Iz''s'!$G$25:$J$39,3,FALSE),IF(AND(J20="Alumínio",F20="Trifásico"),VLOOKUP(M20,'Iz''s'!$Q$25:$T$39,3,FALSE))))) -> 20 | BM20: =IF(AND(J20="Cobre",F20="Monofásico"),VLOOKUP(M20,'Iz''s'!$CJ$9:$CN$24,3,FALSE),IF(AND(J20="Cobre",F20="Trifásico"),VLOOKUP(M20,'Iz''s'!$CJ$9:$CN$24,5,FALSE),IF(AND(J20="Alumínio",F20="Monofásico"),VLOOKUP(M20,'Iz''s'!$CJ$26:$CN$40,3,FALSE),IF(AND(J20="Alumínio",F20="Trifásico"),VLOOKUP(M20,'Iz''s'!$CJ$26:$CN$40,5,FALSE))))) -> 19.5 | BN20: =IF(AND(J20="Cobre",F20="Monofásico"),VLOOKUP(M20,'Iz''s'!$G$8:$J$23,4,FALSE),IF(AND(J20="Cobre",F20="Trifásico"),VLOOKUP(M20,'Iz''s'!$Q$8:$T$23,4,FALSE),IF(AND(J20="Alumínio",F20="Monofásico"),VLOOKUP(M20,'Iz''s'!$G$25:$J$39,4,FALSE),IF(AND(J20="Alumínio",F20="Trifásico"),VLOOKUP(M20,'Iz''s'!$Q$25:$T$39,4,FALSE))))) -> 22 | BO20: =IF(AND(J20="Cobre",F20="Monofásico"),VLOOKUP(M20,'Iz''s'!$CP$9:$CT$24,5,FALSE),IF(AND(J20="Cobre",F20="Trifásico"),VLOOKUP(M20,'Iz''s'!$CP$9:$CT$24,4,FALSE),IF(AND(J20="Alumínio",F20="Monofásico"),VLOOKUP(M20,'Iz''s'!$CP$26:$CT$37,5,FALSE),IF(AND(J20="Alumínio",F20="Trifásico"),VLOOKUP(M20,'Iz''s'!$CP$26:$CT$37,4,FALSE))))) -> 31 | BP20: =IF(AND(J20="Cobre",F20="Monofásico"),VLOOKUP(M20,'Iz''s'!$BL$10:$BS$28,2,FALSE),IF(AND(J20="Cobre",F20="Trifásico"),VLOOKUP(M20,'Iz''s'!$BL$10:$BS$28,3,FALSE),IF(AND(J20="Alumínio",F20="Monofásico"),VLOOKUP(M20,'Iz''s'!$BU$10:$CB$27,2,FALSE),IF(AND(J20="Alumínio",F20="Trifásico"),VLOOKUP(M20,'Iz''s'!$BU$10:$CB$27,3,FALSE))))) -> 23 | BQ20: =IF(AND(J20="Cobre",F20="Monofásico"),VLOOKUP(M20,'Iz''s'!$BL$10:$BS$28,4,FALSE),IF(AND(J20="Cobre",F20="Trifásico"),VLOOKUP(M20,'Iz''s'!$BL$10:$BS$28,5,FALSE),IF(AND(J20="Alumínio",F20="Monofásico"),VLOOKUP(M20,'Iz''s'!$BU$10:$CB$27,4,FALSE),IF(AND(J20="Alumínio",F20="Trifásico"),VLOOKUP(M20,'Iz''s'!$BU$10:$CB$27,5,FALSE))))) -> --- | BR20: =IF(AND(J20="Cobre",F20="Monofásico"),"N/A",IF(AND(J20="Cobre",F20="Trifásico"),VLOOKUP(M20,'Iz''s'!$BL$10:$BS$28,8,FALSE),IF(AND(J20="Alumínio",F20="Monofásico"),"N/A",IF(AND(J20="Alumínio",F20="Trifásico"),VLOOKUP(M20,'Iz''s'!$BU$10:$CB$27,8,FALSE))))) -> --- | BS20: =IF(AND(J20="Cobre",F20="Monofásico"),VLOOKUP(M20,'Iz''s'!$V$14:$Y$28,2,FALSE),IF(AND(J20="Cobre",F20="Trifásico"),VLOOKUP(M20,'Iz''s'!$V$14:$Y$28,3,FALSE),IF(AND(J20="Alumínio",F20="Monofásico"),VLOOKUP(M20,"N/A",4,FALSE),IF(AND(J20="Alumínio",F20="Trifásico"),VLOOKUP(M20,"N/A",4,FALSE))))) -> 21 | BT20: =IF(AND(J20="Cobre",F20="Monofásico"),VLOOKUP(M20,'Iz''s'!$AF$15:$AK$29,2,FALSE),IF(AND(J20="Cobre",F20="Trifásico"),VLOOKUP(M20,'Iz''s'!$AF$15:$AK$29,3,FALSE),IF(AND(J20="Alumínio",F20="Monofásico"),"N/A",IF(AND(J20="Alumínio",F20="Trifásico"),"N/A")))) -> 22 | BU20: =IF(AND(J20="Cobre",F20="Monofásico"),VLOOKUP(M20,'Iz''s'!$AF$15:$AK$29,2,FALSE),IF(AND(J20="Cobre",F20="Trifásico"),VLOOKUP(M20,'Iz''s'!$AF$15:$AK$29,3,FALSE),IF(AND(J20="Alumínio",F20="Monofásico"),"N/A",IF(AND(J20="Alumínio",F20="Trifásico"),"N/A")))) -> 22 | BV20: =IF(AND(J20="Cobre",F20="Monofásico"),"N/A",IF(AND(J20="Cobre",F20="Trifásico"),VLOOKUP(M20,'Iz''s'!$AF$15:$AK$29,6,FALSE),IF(AND(J20="Alumínio",F20="Monofásico"),"N/A",IF(AND(J20="Alumínio",F20="Trifásico"),"N/A")))) -> 32 | BW20: 18 | BY20: =VLOOKUP(M20,Consulta!$W$6:$AB$23,4,FALSE) -> 16 | BZ20: =VLOOKUP(M20,Consulta!$W$6:$AB$23,6,FALSE) -> 20 | CA20: =VLOOKUP(M20,Consulta!$AK$6:$AP$23,4,FALSE) -> 20 | CB20: =VLOOKUP(M20,Consulta!$AK$6:$AP$23,6,FALSE) -> 20 | CC20: =VLOOKUP(M20,Consulta!$AD$6:$AI$19,4,FALSE) -> #N/A | CD20: =VLOOKUP(M20,Consulta!$AD$6:$AI$19,6,FALSE) -> #N/A | CE20: =VLOOKUP(M20,Consulta!$AR$6:$AW$19,4,FALSE) -> #N/A | CF20: =VLOOKUP(M20,Consulta!$AR$6:$AW$19,6,FALSE) -> #N/A
B21: Quadro Da Nave - Q_PS2 | C21: Tomadas Monofásicas (1) | D21: =3.6 -> 3.6 | E21: =19.6856+5.4+6.5+7.85+3.8+3.8+3.8+2.93 -> 53.7656 | F21: Monofásico | G21: Multicondutor | H21: 1 | I21: Cabo/Canalizações | J21: Cobre | K21: PVC | L21: 1 | M21: 6 | N21: E | O21: 4 | P21: =IF(K21="PVC",HLOOKUP(N21,$BA$3:$BI$104,BW21,FALSE),IF(OR(K21="XLPE",K21="EPR"),HLOOKUP(N21,$BJ$3:$BR$104,BW21,FALSE),IF(K21="Mineral",HLOOKUP(N21,$BS$3:$BV$104,BW21,FALSE),"N/A")))*L21 -> 51 | Q21: 1 | R21: 1 | S21: =IF(F21="Monofásico",(((D21*10^3)/H21)/230),(((D21*10^3)/H21)/(SQRT(3)*400))) -> 15.652174 | T21: =P21*R21 -> 51 | U21: Disjuntor | V21: 16 | W21: =IF(U21="C.C.Fusíveis",VLOOKUP(V21,Consulta!$L$5:$N$31,3,FALSE),VLOOKUP(V21,Consulta!$P$5:$R$34,3,FALSE)) -> 21.6 | X21: =CEILING(1.45*P21,1) -> 74 | Y21: =S21/T21 -> 0.30690537 | Z21: =IF(AND(S21<=V21,V21<=P21,W21<=X21),"Sim","Não") -> Sim | AA21: =$AA$6+SQRT($AB$6^2+$AC$6^2) -> 0.07762714 | AB21: =(IF(J21="Cobre",(1.25*0.0225),(1.25*0.036)))*((E21/M21)/L21) -> 0.25202625 | AC21: =(IF(M21<10,0,(0.00008)))*(E21) -> 0 | AD21: =$AF$6 -> 2.4122515 | AE21: =IF(F21="Trifásico",S21*(AB21*H21+AC21*SIN(ACOS(H21))),2*S21*(AB21*H21+AC21*SIN(ACOS(H21)))) -> 7.8895174 | AF21: =AD21+AE21 -> 10.301769 | AG21: =AE21/230 -> 0.03430225 | AH21: =AF21/230 -> 0.0447903 | AI21: =IF(F21="Monofásico",(0.23/(SQRT((AB21^2)+(AC21^2))+AA21)),(0.4/(SQRT(3)*(SQRT((AB21^2)+(AC21^2))+AA21)))) -> 0.69770252 | AJ21: 3 | AK21: 0.1 | AL21: =IF(G21="Multicondutor",(IF(AND(J21="Cobre",K21="PVC"),115,IF(AND(J21="Cobre",K21="XLPE"),143,IF(AND(J21="Alumínio",K21="PVC"),76,IF(AND(J21="Alumínio",K21="XLPE"),94))))),(IF(AND(J21="Cobre",K21="PVC"),143,IF(AND(J21="Cobre",K21="XLPE"),176,IF(AND(J21="Alumínio",K21="PVC"),95,IF(AND(J21="Alumínio",K21="XLPE"),116)))))) -> 115 | AM21: =((AI21*1000)*SQRT(AK21))/AL21 -> 1.918547 | AN21: =L21 -> 1 | AO21: × | AP21: [XV | AQ21: =IF(F21="Monofásico","3G",IF(AND(F21="Trifásico",M21<25),"5G","3×")) -> 3G | AR21: =M21 -> 6 | AS21: =IF(OR(AQ21="3G",AQ21="5G"),"","+2G") | AT21: =IF(OR(AQ21="3G",AQ21="5G"),"",VLOOKUP(AR21,Consulta!$T$5:$U$25,2,FALSE)) | AU21: mm2] | AV21: / | AW21: VD Ø | AX21: =IF(AND(F21="Monofásico",I21="Fio/Canalizações"),BY20,IF(AND(F21="Trifásico",I21="Fio/Canalizações"),BZ20,IF(AND(F21="Monofásico",I21="Cabo/Canalizações"),CA20,IF(AND(F21="Trifásico",I21="Cabo/Canalizações"),CB20,IF(AND(F21="Monofásico",I21="Fio/Colunas&Entradas"),CC20,IF(AND(F21="Trifásico",I21="Fio/Colunas&Entradas"),CD20,IF(AND(F21="Monofásico",I21="Cabo/Colunas&Entradas"),CE20,IF(AND(F21="Trifásico",I21="Cabo/Colunas&Entradas"),CF20)))))))) -> 20 | AY21: mm | BA21: =IF(AND(J21="Cobre",F21="Monofásico"),VLOOKUP(M21,'Iz''s'!$B$8:$E$23,2,FALSE),IF(AND(J21="Cobre",F21="Trifásico"),VLOOKUP(M21,'Iz''s'!$L$8:$O$23,2,FALSE),IF(AND(J21="Alumínio",F21="Monofásico"),VLOOKUP(M21,'Iz''s'!$B$25:$E$39,2,FALSE),IF(AND(J21="Alumínio",F21="Trifásico"),VLOOKUP(M21,'Iz''s'!$L$25:$O$39,2,FALSE))))) -> 34 | BB21: =IF(AND(J21="Cobre",F21="Monofásico"),VLOOKUP(M21,'Iz''s'!$CD$9:$CH$24,2,FALSE),IF(AND(J21="Cobre",F21="Trifásico"),VLOOKUP(M21,'Iz''s'!$CD$9:$CH$24,4,FALSE),IF(AND(J21="Alumínio",F21="Monofásico"),VLOOKUP(M21,'Iz''s'!$CD$26:$CH$40,2,FALSE),IF(AND(J21="Alumínio",F21="Trifásico"),VLOOKUP(M21,'Iz''s'!$CD$26:$CH$40,4,FALSE))))) -> 32 | BC21: =IF(AND(J21="Cobre",F21="Monofásico"),VLOOKUP(M21,'Iz''s'!$B$8:$E$23,3,FALSE),IF(AND(J21="Cobre",F21="Trifásico"),VLOOKUP(M21,'Iz''s'!$L$8:$O$23,3,FALSE),IF(AND(J21="Alumínio",F21="Monofásico"),VLOOKUP(M21,'Iz''s'!$B$25:$E$39,3,FALSE),IF(AND(J21="Alumínio",F21="Trifásico"),VLOOKUP(M21,'Iz''s'!$L$25:$O$39,3,FALSE))))) -> 41 | BD21: =IF(AND(J21="Cobre",F21="Monofásico"),VLOOKUP(M21,'Iz''s'!$CD$9:$CH$24,3,FALSE),IF(AND(J21="Cobre",F21="Trifásico"),VLOOKUP(M21,'Iz''s'!$CD$9:$CH$24,5,FALSE),IF(AND(J21="Alumínio",F21="Monofásico"),VLOOKUP(M21,'Iz''s'!$CD$26:$CH$40,3,FALSE),IF(AND(J21="Alumínio",F21="Trifásico"),VLOOKUP(M21,'Iz''s'!$CD$26:$CH$40,5,FALSE))))) -> 38 | BE21: =IF(AND(J21="Cobre",F21="Monofásico"),VLOOKUP(M21,'Iz''s'!$B$8:$E$23,4,FALSE),IF(AND(J21="Cobre",F21="Trifásico"),VLOOKUP(M21,'Iz''s'!$L$8:$O$23,4,FALSE),IF(AND(J21="Alumínio",F21="Monofásico"),VLOOKUP(M21,'Iz''s'!$B$25:$E$39,4,FALSE),IF(AND(J21="Alumínio",F21="Trifásico"),VLOOKUP(M21,'Iz''s'!$L$25:$O$39,4,FALSE))))) -> 46 | BF21: =IF(AND(J21="Cobre",F21="Monofásico"),VLOOKUP(M21,'Iz''s'!$CP$9:$CT$24,3,FALSE),IF(AND(J21="Cobre",F21="Trifásico"),VLOOKUP(M21,'Iz''s'!$CP$9:$CT$24,2,FALSE),IF(AND(J21="Alumínio",F21="Monofásico"),VLOOKUP(M21,'Iz''s'!$CP$26:$CT$37,3,FALSE),IF(AND(J21="Alumínio",F21="Trifásico"),VLOOKUP(M21,'Iz''s'!$CP$26:$CT$37,2,FALSE))))) -> 67 | BG21: =IF(AND(J21="Cobre",F21="Monofásico"),VLOOKUP(M21,'Iz''s'!$AT$10:$BA$28,2,FALSE),IF(AND(J21="Cobre",F21="Trifásico"),VLOOKUP(M21,'Iz''s'!$AT$10:$BA$28,3,FALSE),IF(AND(J21="Alumínio",F21="Monofásico"),VLOOKUP(M21,'Iz''s'!$BC$10:$BJ$27,2,FALSE),IF(AND(J21="Alumínio",F21="Trifásico"),VLOOKUP(M21,'Iz''s'!$BC$10:$BJ$27,3,FALSE))))) -> 51 | BH21: =IF(AND(J21="Cobre",F21="Monofásico"),VLOOKUP(M21,'Iz''s'!$AT$10:$BA$28,4,FALSE),IF(AND(J21="Cobre",F21="Trifásico"),VLOOKUP(M21,'Iz''s'!$AT$10:$BA$28,5,FALSE),IF(AND(J21="Alumínio",F21="Monofásico"),VLOOKUP(M21,'Iz''s'!$BC$10:$BJ$27,4,FALSE),IF(AND(J21="Alumínio",F21="Trifásico"),VLOOKUP(M21,'Iz''s'!$BC$10:$BJ$27,5,FALSE))))) -> --- | BI21: =IF(AND(J21="Cobre",F21="Monofásico"),"N/A",IF(AND(J21="Cobre",F21="Trifásico"),VLOOKUP(M21,'Iz''s'!$AT$10:$BA$28,8,FALSE),IF(AND(J21="Alumínio",F21="Monofásico"),"N/A",IF(AND(J21="Alumínio",F21="Trifásico"),VLOOKUP(M21,'Iz''s'!$BC$10:$BJ$27,8,FALSE))))) -> N/A | BJ21: =IF(AND(J21="Cobre",F21="Monofásico"),VLOOKUP(M21,'Iz''s'!$G$8:$J$23,2,FALSE),IF(AND(J21="Cobre",F21="Trifásico"),VLOOKUP(M21,'Iz''s'!$Q$8:$T$23,2,FALSE),IF(AND(J21="Alumínio",F21="Monofásico"),VLOOKUP(M21,'Iz''s'!$G$25:$J$39,2,FALSE),IF(AND(J21="Alumínio",F21="Trifásico"),VLOOKUP(M21,'Iz''s'!$Q$25:$T$39,2,FALSE))))) -> 45 | BK21: =IF(AND(J21="Cobre",F21="Monofásico"),VLOOKUP(M21,'Iz''s'!$CJ$9:$CN$24,2,FALSE),IF(AND(J21="Cobre",F21="Trifásico"),VLOOKUP(M21,'Iz''s'!$CJ$9:$CN$24,4,FALSE),IF(AND(J21="Alumínio",F21="Monofásico"),VLOOKUP(M21,'Iz''s'!$CJ$26:$CN$40,2,FALSE),IF(AND(J21="Alumínio",F21="Trifásico"),VLOOKUP(M21,'Iz''s'!$CJ$26:$CN$40,4,FALSE))))) -> 42 | BL21: =IF(AND(J21="Cobre",F21="Monofásico"),VLOOKUP(M21,'Iz''s'!$G$8:$J$23,3,FALSE),IF(AND(J21="Cobre",F21="Trifásico"),VLOOKUP(M21,'Iz''s'!$Q$8:$T$23,3,FALSE),IF(AND(J21="Alumínio",F21="Monofásico"),VLOOKUP(M21,'Iz''s'!$G$25:$J$39,3,FALSE),IF(AND(J21="Alumínio",F21="Trifásico"),VLOOKUP(M21,'Iz''s'!$Q$25:$T$39,3,FALSE))))) -> 54 | BM21: =IF(AND(J21="Cobre",F21="Monofásico"),VLOOKUP(M21,'Iz''s'!$CJ$9:$CN$24,3,FALSE),IF(AND(J21="Cobre",F21="Trifásico"),VLOOKUP(M21,'Iz''s'!$CJ$9:$CN$24,5,FALSE),IF(AND(J21="Alumínio",F21="Monofásico"),VLOOKUP(M21,'Iz''s'!$CJ$26:$CN$40,3,FALSE),IF(AND(J21="Alumínio",F21="Trifásico"),VLOOKUP(M21,'Iz''s'!$CJ$26:$CN$40,5,FALSE))))) -> 51 | BN21: =IF(AND(J21="Cobre",F21="Monofásico"),VLOOKUP(M21,'Iz''s'!$G$8:$J$23,4,FALSE),IF(AND(J21="Cobre",F21="Trifásico"),VLOOKUP(M21,'Iz''s'!$Q$8:$T$23,4,FALSE),IF(AND(J21="Alumínio",F21="Monofásico"),VLOOKUP(M21,'Iz''s'!$G$25:$J$39,4,FALSE),IF(AND(J21="Alumínio",F21="Trifásico"),VLOOKUP(M21,'Iz''s'!$Q$25:$T$39,4,FALSE))))) -> 58 | BO21: =IF(AND(J21="Cobre",F21="Monofásico"),VLOOKUP(M21,'Iz''s'!$CP$9:$CT$24,5,FALSE),IF(AND(J21="Cobre",F21="Trifásico"),VLOOKUP(M21,'Iz''s'!$CP$9:$CT$24,4,FALSE),IF(AND(J21="Alumínio",F21="Monofásico"),VLOOKUP(M21,'Iz''s'!$CP$26:$CT$37,5,FALSE),IF(AND(J21="Alumínio",F21="Trifásico"),VLOOKUP(M21,'Iz''s'!$CP$26:$CT$37,4,FALSE))))) -> 80 | BP21: =IF(AND(J21="Cobre",F21="Monofásico"),VLOOKUP(M21,'Iz''s'!$BL$10:$BS$28,2,FALSE),IF(AND(J21="Cobre",F21="Trifásico"),VLOOKUP(M21,'Iz''s'!$BL$10:$BS$28,3,FALSE),IF(AND(J21="Alumínio",F21="Monofásico"),VLOOKUP(M21,'Iz''s'!$BU$10:$CB$27,2,FALSE),IF(AND(J21="Alumínio",F21="Trifásico"),VLOOKUP(M21,'Iz''s'!$BU$10:$CB$27,3,FALSE))))) -> 63 | BQ21: =IF(AND(J21="Cobre",F21="Monofásico"),VLOOKUP(M21,'Iz''s'!$BL$10:$BS$28,4,FALSE),IF(AND(J21="Cobre",F21="Trifásico"),VLOOKUP(M21,'Iz''s'!$BL$10:$BS$28,5,FALSE),IF(AND(J21="Alumínio",F21="Monofásico"),VLOOKUP(M21,'Iz''s'!$BU$10:$CB$27,4,FALSE),IF(AND(J21="Alumínio",F21="Trifásico"),VLOOKUP(M21,'Iz''s'!$BU$10:$CB$27,5,FALSE))))) -> --- | BR21: =IF(AND(J21="Cobre",F21="Monofásico"),"N/A",IF(AND(J21="Cobre",F21="Trifásico"),VLOOKUP(M21,'Iz''s'!$BL$10:$BS$28,8,FALSE),IF(AND(J21="Alumínio",F21="Monofásico"),"N/A",IF(AND(J21="Alumínio",F21="Trifásico"),VLOOKUP(M21,'Iz''s'!$BU$10:$CB$27,8,FALSE))))) -> N/A | BS21: =IF(AND(J21="Cobre",F21="Monofásico"),VLOOKUP(M21,'Iz''s'!$V$14:$Y$28,2,FALSE),IF(AND(J21="Cobre",F21="Trifásico"),VLOOKUP(M21,'Iz''s'!$V$14:$Y$28,3,FALSE),IF(AND(J21="Alumínio",F21="Monofásico"),VLOOKUP(M21,"N/A",4,FALSE),IF(AND(J21="Alumínio",F21="Trifásico"),VLOOKUP(M21,"N/A",4,FALSE))))) -> 57 | BT21: =IF(AND(J21="Cobre",F21="Monofásico"),VLOOKUP(M21,'Iz''s'!$AF$15:$AK$29,2,FALSE),IF(AND(J21="Cobre",F21="Trifásico"),VLOOKUP(M21,'Iz''s'!$AF$15:$AK$29,3,FALSE),IF(AND(J21="Alumínio",F21="Monofásico"),"N/A",IF(AND(J21="Alumínio",F21="Trifásico"),"N/A")))) -> 60 | BU21: =IF(AND(J21="Cobre",F21="Monofásico"),VLOOKUP(M21,'Iz''s'!$AF$15:$AK$29,2,FALSE),IF(AND(J21="Cobre",F21="Trifásico"),VLOOKUP(M21,'Iz''s'!$AF$15:$AK$29,3,FALSE),IF(AND(J21="Alumínio",F21="Monofásico"),"N/A",IF(AND(J21="Alumínio",F21="Trifásico"),"N/A")))) -> 60 | BV21: =IF(AND(J21="Cobre",F21="Monofásico"),"N/A",IF(AND(J21="Cobre",F21="Trifásico"),VLOOKUP(M21,'Iz''s'!$AF$15:$AK$29,6,FALSE),IF(AND(J21="Alumínio",F21="Monofásico"),"N/A",IF(AND(J21="Alumínio",F21="Trifásico"),"N/A")))) -> N/A | BW21: 19 | BY21: =VLOOKUP(M21,Consulta!$W$6:$AB$23,4,FALSE) -> 20 | BZ21: =VLOOKUP(M21,Consulta!$W$6:$AB$23,6,FALSE) -> 25 | CA21: =VLOOKUP(M21,Consulta!$AK$6:$AP$23,4,FALSE) -> 25 | CB21: =VLOOKUP(M21,Consulta!$AK$6:$AP$23,6,FALSE) -> 32 | CC21: =VLOOKUP(M21,Consulta!$AD$6:$AI$19,4,FALSE) -> #N/A | CD21: =VLOOKUP(M21,Consulta!$AD$6:$AI$19,6,FALSE) -> #N/A | CE21: =VLOOKUP(M21,Consulta!$AR$6:$AW$19,4,FALSE) -> #N/A | CF21: =VLOOKUP(M21,Consulta!$AR$6:$AW$19,6,FALSE) -> #N/A
